ds,y
1970-01-01 00:00:00,4
1970-01-01 00:00:01,4
1970-01-01 00:00:02,4
1970-01-01 00:00:03,5
1970-01-01 00:00:04,4
1970-01-01 00:00:05,4
1970-01-01 00:00:06,4
1970-01-01 00:00:07,4
1970-01-01 00:00:08,4
1970-01-01 00:00:09,3
1970-01-01 00:00:10,4
1970-01-01 00:00:11,4
1970-01-01 00:00:12,4
1970-01-01 00:00:13,5
1970-01-01 00:00:14,5
1970-01-01 00:00:15,4
1970-01-01 00:00:16,5
1970-01-01 00:00:17,4
1970-01-01 00:00:18,7
1970-01-01 00:00:19,5
1970-01-01 00:00:20,5
1970-01-01 00:00:21,6
1970-01-01 00:00:22,6
1970-01-01 00:00:23,7
1970-01-01 00:00:24,7
1970-01-01 00:00:25,8
1970-01-01 00:00:26,8
1970-01-01 00:00:27,6
1970-01-01 00:00:28,7
1970-01-01 00:00:29,6
1970-01-01 00:00:30,6
1970-01-01 00:00:31,8
1970-01-01 00:00:32,8
1970-01-01 00:00:33,5
1970-01-01 00:00:34,7
1970-01-01 00:00:35,6
1970-01-01 00:00:36,7
1970-01-01 00:00:37,6
1970-01-01 00:00:38,7
1970-01-01 00:00:39,9
1970-01-01 00:00:40,8
1970-01-01 00:00:41,7
1970-01-01 00:00:42,6
1970-01-01 00:00:43,6
1970-01-01 00:00:44,4
1970-01-01 00:00:45,5
1970-01-01 00:00:46,4
1970-01-01 00:00:47,4
1970-01-01 00:00:48,6
1970-01-01 00:00:49,4
1970-01-01 00:00:50,4
1970-01-01 00:00:51,4
1970-01-01 00:00:52,4
1970-01-01 00:00:53,4
1970-01-01 00:00:54,4
1970-01-01 00:00:55,4
1970-01-01 00:00:56,4
1970-01-01 00:00:57,4
1970-01-01 00:00:58,4
1970-01-01 00:00:59,4
1970-01-01 00:01:00,4
1970-01-01 00:01:01,4
1970-01-01 00:01:02,4
1970-01-01 00:01:03,4
1970-01-01 00:01:04,4
1970-01-01 00:01:05,4
1970-01-01 00:01:06,4
1970-01-01 00:01:07,4
1970-01-01 00:01:08,5
1970-01-01 00:01:09,4
1970-01-01 00:01:10,4
1970-01-01 00:01:11,3
1970-01-01 00:01:12,4
1970-01-01 00:01:13,4
1970-01-01 00:01:14,4
1970-01-01 00:01:15,4
1970-01-01 00:01:16,4
1970-01-01 00:01:17,4
1970-01-01 00:01:18,4
1970-01-01 00:01:19,4
1970-01-01 00:01:20,4
1970-01-01 00:01:21,4
1970-01-01 00:01:22,4
1970-01-01 00:01:23,4
1970-01-01 00:01:24,4
1970-01-01 00:01:25,4
1970-01-01 00:01:26,4
1970-01-01 00:01:27,4
1970-01-01 00:01:28,4
1970-01-01 00:01:29,4
1970-01-01 00:01:30,4
1970-01-01 00:01:31,4
1970-01-01 00:01:32,4
1970-01-01 00:01:33,4
1970-01-01 00:01:34,4
1970-01-01 00:01:35,4
1970-01-01 00:01:36,4
1970-01-01 00:01:37,4
1970-01-01 00:01:38,4
1970-01-01 00:01:39,4
1970-01-01 00:01:40,4
1970-01-01 00:01:41,4
1970-01-01 00:01:42,4
1970-01-01 00:01:43,4
1970-01-01 00:01:44,4
1970-01-01 00:01:45,4
1970-01-01 00:01:46,4
1970-01-01 00:01:47,4
1970-01-01 00:01:48,4
1970-01-01 00:01:49,4
1970-01-01 00:01:50,4
1970-01-01 00:01:51,4
1970-01-01 00:01:52,4
1970-01-01 00:01:53,4
1970-01-01 00:01:54,4
1970-01-01 00:01:55,4
1970-01-01 00:01:56,4
1970-01-01 00:01:57,4
1970-01-01 00:01:58,4
1970-01-01 00:01:59,3
1970-01-01 00:02:00,3
1970-01-01 00:02:01,4
1970-01-01 00:02:02,3
1970-01-01 00:02:03,5
1970-01-01 00:02:04,4
1970-01-01 00:02:05,4
1970-01-01 00:02:06,5
1970-01-01 00:02:07,3
1970-01-01 00:02:08,4
1970-01-01 00:02:09,5
1970-01-01 00:02:10,4
1970-01-01 00:02:11,5
1970-01-01 00:02:12,5
1970-01-01 00:02:13,5
1970-01-01 00:02:14,4
1970-01-01 00:02:15,5
1970-01-01 00:02:16,5
1970-01-01 00:02:17,5
1970-01-01 00:02:18,5
1970-01-01 00:02:19,5
1970-01-01 00:02:20,6
1970-01-01 00:02:21,4
1970-01-01 00:02:22,4
1970-01-01 00:02:23,5
1970-01-01 00:02:24,5
1970-01-01 00:02:25,5
1970-01-01 00:02:26,5
1970-01-01 00:02:27,5
1970-01-01 00:02:28,6
1970-01-01 00:02:29,5
1970-01-01 00:02:30,4
1970-01-01 00:02:31,4
1970-01-01 00:02:32,5
1970-01-01 00:02:33,4
1970-01-01 00:02:34,3
1970-01-01 00:02:35,5
1970-01-01 00:02:36,5
1970-01-01 00:02:37,6
1970-01-01 00:02:38,4
1970-01-01 00:02:39,5
1970-01-01 00:02:40,5
1970-01-01 00:02:41,5
1970-01-01 00:02:42,5
1970-01-01 00:02:43,5
1970-01-01 00:02:44,4
1970-01-01 00:02:45,4
1970-01-01 00:02:46,3
1970-01-01 00:02:47,4
1970-01-01 00:02:48,4
1970-01-01 00:02:49,4
1970-01-01 00:02:50,4
1970-01-01 00:02:51,4
1970-01-01 00:02:52,4
1970-01-01 00:02:53,4
1970-01-01 00:02:54,4
1970-01-01 00:02:55,4
1970-01-01 00:02:56,4
1970-01-01 00:02:57,4
1970-01-01 00:02:58,4
1970-01-01 00:02:59,4
1970-01-01 00:03:00,4
1970-01-01 00:03:01,4
1970-01-01 00:03:02,4
1970-01-01 00:03:03,4
1970-01-01 00:03:04,4
1970-01-01 00:03:05,5
1970-01-01 00:03:06,4
1970-01-01 00:03:07,4
1970-01-01 00:03:08,4
1970-01-01 00:03:09,4
1970-01-01 00:03:10,3
1970-01-01 00:03:11,4
1970-01-01 00:03:12,4
1970-01-01 00:03:13,4
1970-01-01 00:03:14,4
1970-01-01 00:03:15,4
1970-01-01 00:03:16,4
1970-01-01 00:03:17,4
1970-01-01 00:03:18,3
1970-01-01 00:03:19,4
1970-01-01 00:03:20,4
1970-01-01 00:03:21,4
1970-01-01 00:03:22,4
1970-01-01 00:03:23,4
1970-01-01 00:03:24,4
1970-01-01 00:03:25,4
1970-01-01 00:03:26,4
1970-01-01 00:03:27,4
1970-01-01 00:03:28,4
1970-01-01 00:03:29,4
1970-01-01 00:03:30,4
1970-01-01 00:03:31,4
1970-01-01 00:03:32,4
1970-01-01 00:03:33,4
1970-01-01 00:03:34,4
1970-01-01 00:03:35,4
1970-01-01 00:03:36,4
1970-01-01 00:03:37,3
1970-01-01 00:03:38,4
1970-01-01 00:03:39,4
1970-01-01 00:03:40,4
1970-01-01 00:03:41,4
1970-01-01 00:03:42,4
1970-01-01 00:03:43,4
1970-01-01 00:03:44,4
1970-01-01 00:03:45,4
1970-01-01 00:03:46,4
1970-01-01 00:03:47,5
1970-01-01 00:03:48,5
1970-01-01 00:03:49,5
1970-01-01 00:03:50,5
1970-01-01 00:03:51,5
1970-01-01 00:03:52,4
1970-01-01 00:03:53,4
1970-01-01 00:03:54,4
1970-01-01 00:03:55,4
1970-01-01 00:03:56,4
1970-01-01 00:03:57,3
1970-01-01 00:03:58,4
1970-01-01 00:03:59,5
1970-01-01 00:04:00,4
1970-01-01 00:04:01,4
1970-01-01 00:04:02,4
1970-01-01 00:04:03,3
1970-01-01 00:04:04,4
1970-01-01 00:04:05,4
1970-01-01 00:04:06,3
1970-01-01 00:04:07,4
1970-01-01 00:04:08,4
1970-01-01 00:04:09,4
1970-01-01 00:04:10,4
1970-01-01 00:04:11,4
1970-01-01 00:04:12,4
1970-01-01 00:04:13,4
1970-01-01 00:04:14,4
1970-01-01 00:04:15,5
1970-01-01 00:04:16,5
1970-01-01 00:04:17,4
1970-01-01 00:04:18,5
1970-01-01 00:04:19,4
1970-01-01 00:04:20,4
1970-01-01 00:04:21,4
1970-01-01 00:04:22,5
1970-01-01 00:04:23,4
1970-01-01 00:04:24,4
1970-01-01 00:04:25,4
1970-01-01 00:04:26,4
1970-01-01 00:04:27,5
1970-01-01 00:04:28,5
1970-01-01 00:04:29,5
1970-01-01 00:04:30,5
1970-01-01 00:04:31,4
1970-01-01 00:04:32,5
1970-01-01 00:04:33,5
1970-01-01 00:04:34,3
1970-01-01 00:04:35,5
1970-01-01 00:04:36,4
1970-01-01 00:04:37,3
1970-01-01 00:04:38,4
1970-01-01 00:04:39,4
1970-01-01 00:04:40,3
1970-01-01 00:04:41,4
1970-01-01 00:04:42,4
1970-01-01 00:04:43,4
1970-01-01 00:04:44,4
1970-01-01 00:04:45,4
1970-01-01 00:04:46,4
1970-01-01 00:04:47,4
1970-01-01 00:04:48,4
1970-01-01 00:04:49,4
1970-01-01 00:04:50,4
1970-01-01 00:04:51,4
1970-01-01 00:04:52,4
1970-01-01 00:04:53,4
1970-01-01 00:04:54,4
1970-01-01 00:04:55,4
1970-01-01 00:04:56,4
1970-01-01 00:04:57,4
1970-01-01 00:04:58,4
1970-01-01 00:04:59,4
1970-01-01 00:05:00,3
1970-01-01 00:05:01,4
1970-01-01 00:05:02,3
1970-01-01 00:05:03,3
1970-01-01 00:05:04,3
1970-01-01 00:05:05,3
1970-01-01 00:05:06,2
1970-01-01 00:05:07,3
1970-01-01 00:05:08,4
1970-01-01 00:05:09,2
1970-01-01 00:05:10,2
1970-01-01 00:05:11,4
1970-01-01 00:05:12,5
1970-01-01 00:05:13,4
1970-01-01 00:05:14,5
1970-01-01 00:05:15,4
1970-01-01 00:05:16,4
1970-01-01 00:05:17,4
1970-01-01 00:05:18,4
1970-01-01 00:05:19,4
1970-01-01 00:05:20,3
1970-01-01 00:05:21,4
1970-01-01 00:05:22,4
1970-01-01 00:05:23,4
1970-01-01 00:05:24,4
1970-01-01 00:05:25,4
1970-01-01 00:05:26,4
1970-01-01 00:05:27,4
1970-01-01 00:05:28,4
1970-01-01 00:05:29,4
1970-01-01 00:05:30,4
1970-01-01 00:05:31,4
1970-01-01 00:05:32,4
1970-01-01 00:05:33,4
1970-01-01 00:05:34,3
1970-01-01 00:05:35,4
1970-01-01 00:05:36,3
1970-01-01 00:05:37,3
1970-01-01 00:05:38,3
1970-01-01 00:05:39,3
1970-01-01 00:05:40,2
1970-01-01 00:05:41,3
1970-01-01 00:05:42,3
1970-01-01 00:05:43,2
1970-01-01 00:05:44,2
1970-01-01 00:05:45,1
1970-01-01 00:05:46,1
1970-01-01 00:05:47,1
1970-01-01 00:05:48,2
1970-01-01 00:05:49,1
1970-01-01 00:05:50,1
1970-01-01 00:05:51,1
1970-01-01 00:05:52,1
1970-01-01 00:05:53,2
1970-01-01 00:05:54,2
1970-01-01 00:05:55,2
1970-01-01 00:05:56,2
1970-01-01 00:05:57,2
1970-01-01 00:05:58,1
1970-01-01 00:05:59,2
1970-01-01 00:06:00,1
1970-01-01 00:06:01,2
1970-01-01 00:06:02,1
1970-01-01 00:06:03,2
1970-01-01 00:06:04,3
1970-01-01 00:06:05,3
1970-01-01 00:06:06,2
1970-01-01 00:06:07,2
1970-01-01 00:06:08,4
1970-01-01 00:06:09,2
1970-01-01 00:06:10,3
1970-01-01 00:06:11,1
1970-01-01 00:06:12,3
1970-01-01 00:06:13,1
1970-01-01 00:06:14,1
1970-01-01 00:06:15,2
1970-01-01 00:06:16,1
1970-01-01 00:06:17,4
1970-01-01 00:06:18,2
1970-01-01 00:06:19,3
1970-01-01 00:06:20,3
1970-01-01 00:06:21,3
1970-01-01 00:06:22,3
1970-01-01 00:06:23,3
1970-01-01 00:06:24,2
1970-01-01 00:06:25,4
1970-01-01 00:06:26,4
1970-01-01 00:06:27,3
1970-01-01 00:06:28,4
1970-01-01 00:06:29,3
1970-01-01 00:06:30,3
1970-01-01 00:06:31,3
1970-01-01 00:06:32,2
1970-01-01 00:06:33,4
1970-01-01 00:06:34,3
1970-01-01 00:06:35,2
1970-01-01 00:06:36,4
1970-01-01 00:06:37,4
1970-01-01 00:06:38,3
1970-01-01 00:06:39,4
1970-01-01 00:06:40,4
1970-01-01 00:06:41,4
1970-01-01 00:06:42,3
1970-01-01 00:06:43,3
1970-01-01 00:06:44,2
1970-01-01 00:06:45,3
1970-01-01 00:06:46,3
1970-01-01 00:06:47,3
1970-01-01 00:06:48,2
1970-01-01 00:06:49,2
1970-01-01 00:06:50,2
1970-01-01 00:06:51,2
1970-01-01 00:06:52,4
1970-01-01 00:06:53,4
1970-01-01 00:06:54,4
1970-01-01 00:06:55,3
1970-01-01 00:06:56,2
1970-01-01 00:06:57,2
1970-01-01 00:06:58,3
1970-01-01 00:06:59,4
1970-01-01 00:07:00,4
1970-01-01 00:07:01,4
1970-01-01 00:07:02,4
1970-01-01 00:07:03,4
1970-01-01 00:07:04,4
1970-01-01 00:07:05,4
1970-01-01 00:07:06,4
1970-01-01 00:07:07,4
1970-01-01 00:07:08,4
1970-01-01 00:07:09,4
1970-01-01 00:07:10,4
1970-01-01 00:07:11,4
1970-01-01 00:07:12,3
1970-01-01 00:07:13,4
1970-01-01 00:07:14,3
1970-01-01 00:07:15,4
1970-01-01 00:07:16,3
1970-01-01 00:07:17,3
1970-01-01 00:07:18,3
1970-01-01 00:07:19,3
1970-01-01 00:07:20,3
1970-01-01 00:07:21,3
1970-01-01 00:07:22,2
1970-01-01 00:07:23,1
1970-01-01 00:07:24,3
1970-01-01 00:07:25,1
1970-01-01 00:07:26,3
1970-01-01 00:07:27,3
1970-01-01 00:07:28,4
1970-01-01 00:07:29,3
1970-01-01 00:07:30,3
1970-01-01 00:07:31,3
1970-01-01 00:07:32,3
1970-01-01 00:07:33,3
1970-01-01 00:07:34,1
1970-01-01 00:07:35,1
1970-01-01 00:07:36,2
1970-01-01 00:07:37,3
1970-01-01 00:07:38,2
1970-01-01 00:07:39,2
1970-01-01 00:07:40,4
1970-01-01 00:07:41,2
1970-01-01 00:07:42,4
1970-01-01 00:07:43,4
1970-01-01 00:07:44,4
1970-01-01 00:07:45,2
1970-01-01 00:07:46,4
1970-01-01 00:07:47,1
1970-01-01 00:07:48,2
1970-01-01 00:07:49,4
1970-01-01 00:07:50,4
1970-01-01 00:07:51,3
1970-01-01 00:07:52,3
1970-01-01 00:07:53,3
1970-01-01 00:07:54,3
1970-01-01 00:07:55,2
1970-01-01 00:07:56,2
1970-01-01 00:07:57,1
1970-01-01 00:07:58,3
1970-01-01 00:07:59,1
1970-01-01 00:08:00,3
1970-01-01 00:08:01,2
1970-01-01 00:08:02,1
1970-01-01 00:08:03,3
1970-01-01 00:08:04,2
1970-01-01 00:08:05,3
1970-01-01 00:08:06,3
1970-01-01 00:08:07,4
1970-01-01 00:08:08,3
1970-01-01 00:08:09,3
1970-01-01 00:08:10,4
1970-01-01 00:08:11,4
1970-01-01 00:08:12,2
1970-01-01 00:08:13,2
1970-01-01 00:08:14,4
1970-01-01 00:08:15,4
1970-01-01 00:08:16,4
1970-01-01 00:08:17,4
1970-01-01 00:08:18,4
1970-01-01 00:08:19,3
1970-01-01 00:08:20,3
1970-01-01 00:08:21,3
1970-01-01 00:08:22,2
1970-01-01 00:08:23,3
1970-01-01 00:08:24,3
1970-01-01 00:08:25,3
1970-01-01 00:08:26,3
1970-01-01 00:08:27,3
1970-01-01 00:08:28,3
1970-01-01 00:08:29,4
1970-01-01 00:08:30,3
1970-01-01 00:08:31,3
1970-01-01 00:08:32,3
1970-01-01 00:08:33,3
1970-01-01 00:08:34,3
1970-01-01 00:08:35,2
1970-01-01 00:08:36,3
1970-01-01 00:08:37,3
1970-01-01 00:08:38,3
1970-01-01 00:08:39,3
1970-01-01 00:08:40,3
1970-01-01 00:08:41,3
1970-01-01 00:08:42,2
1970-01-01 00:08:43,2
1970-01-01 00:08:44,2
1970-01-01 00:08:45,3
1970-01-01 00:08:46,3
1970-01-01 00:08:47,4
1970-01-01 00:08:48,3
1970-01-01 00:08:49,4
1970-01-01 00:08:50,4
1970-01-01 00:08:51,4
1970-01-01 00:08:52,4
1970-01-01 00:08:53,3
1970-01-01 00:08:54,3
1970-01-01 00:08:55,3
1970-01-01 00:08:56,3
1970-01-01 00:08:57,3
1970-01-01 00:08:58,4
1970-01-01 00:08:59,4
1970-01-01 00:09:00,4
1970-01-01 00:09:01,3
1970-01-01 00:09:02,3
1970-01-01 00:09:03,3
1970-01-01 00:09:04,3
1970-01-01 00:09:05,3
1970-01-01 00:09:06,3
1970-01-01 00:09:07,3
1970-01-01 00:09:08,3
1970-01-01 00:09:09,2
1970-01-01 00:09:10,3
1970-01-01 00:09:11,3
1970-01-01 00:09:12,3
1970-01-01 00:09:13,2
1970-01-01 00:09:14,2
1970-01-01 00:09:15,2
1970-01-01 00:09:16,3
1970-01-01 00:09:17,2
1970-01-01 00:09:18,2
1970-01-01 00:09:19,2
1970-01-01 00:09:20,2
1970-01-01 00:09:21,2
1970-01-01 00:09:22,2
1970-01-01 00:09:23,2
1970-01-01 00:09:24,2
1970-01-01 00:09:25,2
1970-01-01 00:09:26,2
1970-01-01 00:09:27,2
1970-01-01 00:09:28,2
1970-01-01 00:09:29,2
1970-01-01 00:09:30,2
1970-01-01 00:09:31,3
1970-01-01 00:09:32,2
1970-01-01 00:09:33,2
1970-01-01 00:09:34,2
1970-01-01 00:09:35,2
1970-01-01 00:09:36,2
1970-01-01 00:09:37,3
1970-01-01 00:09:38,2
1970-01-01 00:09:39,3
1970-01-01 00:09:40,3
1970-01-01 00:09:41,3
1970-01-01 00:09:42,3
1970-01-01 00:09:43,2
1970-01-01 00:09:44,2
1970-01-01 00:09:45,2
1970-01-01 00:09:46,3
1970-01-01 00:09:47,2
1970-01-01 00:09:48,2
1970-01-01 00:09:49,2
1970-01-01 00:09:50,2
1970-01-01 00:09:51,2
1970-01-01 00:09:52,2
1970-01-01 00:09:53,2
1970-01-01 00:09:54,2
1970-01-01 00:09:55,2
1970-01-01 00:09:56,2
1970-01-01 00:09:57,2
1970-01-01 00:09:58,2
1970-01-01 00:09:59,2
1970-01-01 00:10:00,4
1970-01-01 00:10:01,3
1970-01-01 00:10:02,3
1970-01-01 00:10:03,3
1970-01-01 00:10:04,4
1970-01-01 00:10:05,3
1970-01-01 00:10:06,4
1970-01-01 00:10:07,3
1970-01-01 00:10:08,2
1970-01-01 00:10:09,3
1970-01-01 00:10:10,4
1970-01-01 00:10:11,4
1970-01-01 00:10:12,4
1970-01-01 00:10:13,4
1970-01-01 00:10:14,4
1970-01-01 00:10:15,4
1970-01-01 00:10:16,4
1970-01-01 00:10:17,4
1970-01-01 00:10:18,2
1970-01-01 00:10:19,2
1970-01-01 00:10:20,2
1970-01-01 00:10:21,2
1970-01-01 00:10:22,3
1970-01-01 00:10:23,3
1970-01-01 00:10:24,2
1970-01-01 00:10:25,2
1970-01-01 00:10:26,4
1970-01-01 00:10:27,3
1970-01-01 00:10:28,4
1970-01-01 00:10:29,3
1970-01-01 00:10:30,3
1970-01-01 00:10:31,3
1970-01-01 00:10:32,3
1970-01-01 00:10:33,3
1970-01-01 00:10:34,4
1970-01-01 00:10:35,5
1970-01-01 00:10:36,3
1970-01-01 00:10:37,4
1970-01-01 00:10:38,4
1970-01-01 00:10:39,4
1970-01-01 00:10:40,4
1970-01-01 00:10:41,3
1970-01-01 00:10:42,4
1970-01-01 00:10:43,3
1970-01-01 00:10:44,3
1970-01-01 00:10:45,3
1970-01-01 00:10:46,4
1970-01-01 00:10:47,4
1970-01-01 00:10:48,3
1970-01-01 00:10:49,4
1970-01-01 00:10:50,4
1970-01-01 00:10:51,4
1970-01-01 00:10:52,4
1970-01-01 00:10:53,3
1970-01-01 00:10:54,4
1970-01-01 00:10:55,4
1970-01-01 00:10:56,2
1970-01-01 00:10:57,3
1970-01-01 00:10:58,4
1970-01-01 00:10:59,4
1970-01-01 00:11:00,4
1970-01-01 00:11:01,4
1970-01-01 00:11:02,4
1970-01-01 00:11:03,4
1970-01-01 00:11:04,4
1970-01-01 00:11:05,3
1970-01-01 00:11:06,3
1970-01-01 00:11:07,4
1970-01-01 00:11:08,3
1970-01-01 00:11:09,4
1970-01-01 00:11:10,4
1970-01-01 00:11:11,4
1970-01-01 00:11:12,4
1970-01-01 00:11:13,3
1970-01-01 00:11:14,4
1970-01-01 00:11:15,4
1970-01-01 00:11:16,4
1970-01-01 00:11:17,3
1970-01-01 00:11:18,2
1970-01-01 00:11:19,2
1970-01-01 00:11:20,3
1970-01-01 00:11:21,4
1970-01-01 00:11:22,3
1970-01-01 00:11:23,3
1970-01-01 00:11:24,2
1970-01-01 00:11:25,4
1970-01-01 00:11:26,4
1970-01-01 00:11:27,3
1970-01-01 00:11:28,4
1970-01-01 00:11:29,4
1970-01-01 00:11:30,2
1970-01-01 00:11:31,4
1970-01-01 00:11:32,4
1970-01-01 00:11:33,3
1970-01-01 00:11:34,4
1970-01-01 00:11:35,2
1970-01-01 00:11:36,2
1970-01-01 00:11:37,3
1970-01-01 00:11:38,3
1970-01-01 00:11:39,3
1970-01-01 00:11:40,3
1970-01-01 00:11:41,4
1970-01-01 00:11:42,3
1970-01-01 00:11:43,3
1970-01-01 00:11:44,3
1970-01-01 00:11:45,3
1970-01-01 00:11:46,3
1970-01-01 00:11:47,3
1970-01-01 00:11:48,3
1970-01-01 00:11:49,3
1970-01-01 00:11:50,3
1970-01-01 00:11:51,3
1970-01-01 00:11:52,3
1970-01-01 00:11:53,3
1970-01-01 00:11:54,3
1970-01-01 00:11:55,4
1970-01-01 00:11:56,4
1970-01-01 00:11:57,4
1970-01-01 00:11:58,4
1970-01-01 00:11:59,4
1970-01-01 00:12:00,4
1970-01-01 00:12:01,4
1970-01-01 00:12:02,4
1970-01-01 00:12:03,4
1970-01-01 00:12:04,4
1970-01-01 00:12:05,4
1970-01-01 00:12:06,3
1970-01-01 00:12:07,4
1970-01-01 00:12:08,4
1970-01-01 00:12:09,3
1970-01-01 00:12:10,4
1970-01-01 00:12:11,4
1970-01-01 00:12:12,3
1970-01-01 00:12:13,3
1970-01-01 00:12:14,3
1970-01-01 00:12:15,3
1970-01-01 00:12:16,4
1970-01-01 00:12:17,4
1970-01-01 00:12:18,4
1970-01-01 00:12:19,4
1970-01-01 00:12:20,4
1970-01-01 00:12:21,4
1970-01-01 00:12:22,4
1970-01-01 00:12:23,4
1970-01-01 00:12:24,4
1970-01-01 00:12:25,4
1970-01-01 00:12:26,4
1970-01-01 00:12:27,4
1970-01-01 00:12:28,4
1970-01-01 00:12:29,4
1970-01-01 00:12:30,4
1970-01-01 00:12:31,5
1970-01-01 00:12:32,4
1970-01-01 00:12:33,4
1970-01-01 00:12:34,4
1970-01-01 00:12:35,4
1970-01-01 00:12:36,4
1970-01-01 00:12:37,4
1970-01-01 00:12:38,5
1970-01-01 00:12:39,4
1970-01-01 00:12:40,4
1970-01-01 00:12:41,4
1970-01-01 00:12:42,4
1970-01-01 00:12:43,4
1970-01-01 00:12:44,4
1970-01-01 00:12:45,4
1970-01-01 00:12:46,4
1970-01-01 00:12:47,4
1970-01-01 00:12:48,5
1970-01-01 00:12:49,5
1970-01-01 00:12:50,4
1970-01-01 00:12:51,5
1970-01-01 00:12:52,5
1970-01-01 00:12:53,5
1970-01-01 00:12:54,4
1970-01-01 00:12:55,5
1970-01-01 00:12:56,4
1970-01-01 00:12:57,4
1970-01-01 00:12:58,5
1970-01-01 00:12:59,4
1970-01-01 00:13:00,5
1970-01-01 00:13:01,5
1970-01-01 00:13:02,5
1970-01-01 00:13:03,5
1970-01-01 00:13:04,6
1970-01-01 00:13:05,4
1970-01-01 00:13:06,3
1970-01-01 00:13:07,2
1970-01-01 00:13:08,2
1970-01-01 00:13:09,5
1970-01-01 00:13:10,4
1970-01-01 00:13:11,3
1970-01-01 00:13:12,5
1970-01-01 00:13:13,6
1970-01-01 00:13:14,5
1970-01-01 00:13:15,4
1970-01-01 00:13:16,5
1970-01-01 00:13:17,4
1970-01-01 00:13:18,5
1970-01-01 00:13:19,5
1970-01-01 00:13:20,5
1970-01-01 00:13:21,6
1970-01-01 00:13:22,6
1970-01-01 00:13:23,5
1970-01-01 00:13:24,7
1970-01-01 00:13:25,5
1970-01-01 00:13:26,5
1970-01-01 00:13:27,7
1970-01-01 00:13:28,6
1970-01-01 00:13:29,6
1970-01-01 00:13:30,5
1970-01-01 00:13:31,6
1970-01-01 00:13:32,6
1970-01-01 00:13:33,6
1970-01-01 00:13:34,6
1970-01-01 00:13:35,6
1970-01-01 00:13:36,5
1970-01-01 00:13:37,5
1970-01-01 00:13:38,4
1970-01-01 00:13:39,4
1970-01-01 00:13:40,4
1970-01-01 00:13:41,5
1970-01-01 00:13:42,5
1970-01-01 00:13:43,4
1970-01-01 00:13:44,4
1970-01-01 00:13:45,5
1970-01-01 00:13:46,5
1970-01-01 00:13:47,3
1970-01-01 00:13:48,4
1970-01-01 00:13:49,4
1970-01-01 00:13:50,4
1970-01-01 00:13:51,4
1970-01-01 00:13:52,4
1970-01-01 00:13:53,4
1970-01-01 00:13:54,5
1970-01-01 00:13:55,5
1970-01-01 00:13:56,5
1970-01-01 00:13:57,5
1970-01-01 00:13:58,5
1970-01-01 00:13:59,4
1970-01-01 00:14:00,4
1970-01-01 00:14:01,4
1970-01-01 00:14:02,5
1970-01-01 00:14:03,5
1970-01-01 00:14:04,4
1970-01-01 00:14:05,5
1970-01-01 00:14:06,5
1970-01-01 00:14:07,4
1970-01-01 00:14:08,4
1970-01-01 00:14:09,4
1970-01-01 00:14:10,4
1970-01-01 00:14:11,4
1970-01-01 00:14:12,4
1970-01-01 00:14:13,3
1970-01-01 00:14:14,5
1970-01-01 00:14:15,4
1970-01-01 00:14:16,5
1970-01-01 00:14:17,5
1970-01-01 00:14:18,5
1970-01-01 00:14:19,5
1970-01-01 00:14:20,5
1970-01-01 00:14:21,5
1970-01-01 00:14:22,4
1970-01-01 00:14:23,5
1970-01-01 00:14:24,4
1970-01-01 00:14:25,4
1970-01-01 00:14:26,4
1970-01-01 00:14:27,5
1970-01-01 00:14:28,4
1970-01-01 00:14:29,4
1970-01-01 00:14:30,4
1970-01-01 00:14:31,4
1970-01-01 00:14:32,4
1970-01-01 00:14:33,4
1970-01-01 00:14:34,3
1970-01-01 00:14:35,4
1970-01-01 00:14:36,4
1970-01-01 00:14:37,4
1970-01-01 00:14:38,4
1970-01-01 00:14:39,4
1970-01-01 00:14:40,4
1970-01-01 00:14:41,4
1970-01-01 00:14:42,4
1970-01-01 00:14:43,4
1970-01-01 00:14:44,4
1970-01-01 00:14:45,4
1970-01-01 00:14:46,5
1970-01-01 00:14:47,4
1970-01-01 00:14:48,5
1970-01-01 00:14:49,4
1970-01-01 00:14:50,3
1970-01-01 00:14:51,4
1970-01-01 00:14:52,4
1970-01-01 00:14:53,4
1970-01-01 00:14:54,3
1970-01-01 00:14:55,4
1970-01-01 00:14:56,4
1970-01-01 00:14:57,3
1970-01-01 00:14:58,3
1970-01-01 00:14:59,3
1970-01-01 00:15:00,4
1970-01-01 00:15:01,2
1970-01-01 00:15:02,3
1970-01-01 00:15:03,5
1970-01-01 00:15:04,4
1970-01-01 00:15:05,4
1970-01-01 00:15:06,5
1970-01-01 00:15:07,6
1970-01-01 00:15:08,5
1970-01-01 00:15:09,5
1970-01-01 00:15:10,5
1970-01-01 00:15:11,6
1970-01-01 00:15:12,6
1970-01-01 00:15:13,5
1970-01-01 00:15:14,6
1970-01-01 00:15:15,6
1970-01-01 00:15:16,6
1970-01-01 00:15:17,6
1970-01-01 00:15:18,5
1970-01-01 00:15:19,6
1970-01-01 00:15:20,5
1970-01-01 00:15:21,5
1970-01-01 00:15:22,5
1970-01-01 00:15:23,5
1970-01-01 00:15:24,6
1970-01-01 00:15:25,5
1970-01-01 00:15:26,5
1970-01-01 00:15:27,6
1970-01-01 00:15:28,4
1970-01-01 00:15:29,6
1970-01-01 00:15:30,4
1970-01-01 00:15:31,5
1970-01-01 00:15:32,5
1970-01-01 00:15:33,5
1970-01-01 00:15:34,5
1970-01-01 00:15:35,6
1970-01-01 00:15:36,6
1970-01-01 00:15:37,6
1970-01-01 00:15:38,6
1970-01-01 00:15:39,6
1970-01-01 00:15:40,6
1970-01-01 00:15:41,6
1970-01-01 00:15:42,5
1970-01-01 00:15:43,5
1970-01-01 00:15:44,5
1970-01-01 00:15:45,6
1970-01-01 00:15:46,6
1970-01-01 00:15:47,6
1970-01-01 00:15:48,5
1970-01-01 00:15:49,5
1970-01-01 00:15:50,5
1970-01-01 00:15:51,5
1970-01-01 00:15:52,5
1970-01-01 00:15:53,6
1970-01-01 00:15:54,6
1970-01-01 00:15:55,4
1970-01-01 00:15:56,5
1970-01-01 00:15:57,4
1970-01-01 00:15:58,4
1970-01-01 00:15:59,5
1970-01-01 00:16:00,4
1970-01-01 00:16:01,4
1970-01-01 00:16:02,5
1970-01-01 00:16:03,5
1970-01-01 00:16:04,4
1970-01-01 00:16:05,7
1970-01-01 00:16:06,5
1970-01-01 00:16:07,5
1970-01-01 00:16:08,6
1970-01-01 00:16:09,5
1970-01-01 00:16:10,7
1970-01-01 00:16:11,7
1970-01-01 00:16:12,7
1970-01-01 00:16:13,7
1970-01-01 00:16:14,7
1970-01-01 00:16:15,7
1970-01-01 00:16:16,7
1970-01-01 00:16:17,7
1970-01-01 00:16:18,6
1970-01-01 00:16:19,7
1970-01-01 00:16:20,7
1970-01-01 00:16:21,6
1970-01-01 00:16:22,6
1970-01-01 00:16:23,6
1970-01-01 00:16:24,7
1970-01-01 00:16:25,8
1970-01-01 00:16:26,8
1970-01-01 00:16:27,7
1970-01-01 00:16:28,8
1970-01-01 00:16:29,7
1970-01-01 00:16:30,8
1970-01-01 00:16:31,7
1970-01-01 00:16:32,7
1970-01-01 00:16:33,7
1970-01-01 00:16:34,7
1970-01-01 00:16:35,7
1970-01-01 00:16:36,8
1970-01-01 00:16:37,6
1970-01-01 00:16:38,7
1970-01-01 00:16:39,6
1970-01-01 00:16:40,6
1970-01-01 00:16:41,6
1970-01-01 00:16:42,6
1970-01-01 00:16:43,7
1970-01-01 00:16:44,6
1970-01-01 00:16:45,6
1970-01-01 00:16:46,6
1970-01-01 00:16:47,5
1970-01-01 00:16:48,5
1970-01-01 00:16:49,5
1970-01-01 00:16:50,5
1970-01-01 00:16:51,6
1970-01-01 00:16:52,4
1970-01-01 00:16:53,4
1970-01-01 00:16:54,4
1970-01-01 00:16:55,5
1970-01-01 00:16:56,6
1970-01-01 00:16:57,5
1970-01-01 00:16:58,5
1970-01-01 00:16:59,6
1970-01-01 00:17:00,6
1970-01-01 00:17:01,5
1970-01-01 00:17:02,4
1970-01-01 00:17:03,5
1970-01-01 00:17:04,6
1970-01-01 00:17:05,7
1970-01-01 00:17:06,6
1970-01-01 00:17:07,6
1970-01-01 00:17:08,6
1970-01-01 00:17:09,4
1970-01-01 00:17:10,4
1970-01-01 00:17:11,4
1970-01-01 00:17:12,4
1970-01-01 00:17:13,5
1970-01-01 00:17:14,3
1970-01-01 00:17:15,4
1970-01-01 00:17:16,3
1970-01-01 00:17:17,3
1970-01-01 00:17:18,3
1970-01-01 00:17:19,3
1970-01-01 00:17:20,4
1970-01-01 00:17:21,3
1970-01-01 00:17:22,3
1970-01-01 00:17:23,3
1970-01-01 00:17:24,2
1970-01-01 00:17:25,3
1970-01-01 00:17:26,3
1970-01-01 00:17:27,3
1970-01-01 00:17:28,4
1970-01-01 00:17:29,3
1970-01-01 00:17:30,3
1970-01-01 00:17:31,4
1970-01-01 00:17:32,4
1970-01-01 00:17:33,4
1970-01-01 00:17:34,3
1970-01-01 00:17:35,5
1970-01-01 00:17:36,2
1970-01-01 00:17:37,5
1970-01-01 00:17:38,4
1970-01-01 00:17:39,4
1970-01-01 00:17:40,2
1970-01-01 00:17:41,4
1970-01-01 00:17:42,4
1970-01-01 00:17:43,5
1970-01-01 00:17:44,4
1970-01-01 00:17:45,4
1970-01-01 00:17:46,4
1970-01-01 00:17:47,4
1970-01-01 00:17:48,5
1970-01-01 00:17:49,6
1970-01-01 00:17:50,6
1970-01-01 00:17:51,5
1970-01-01 00:17:52,6
1970-01-01 00:17:53,6
1970-01-01 00:17:54,6
1970-01-01 00:17:55,7
1970-01-01 00:17:56,7
1970-01-01 00:17:57,8
1970-01-01 00:17:58,7
1970-01-01 00:17:59,7
1970-01-01 00:18:00,8
1970-01-01 00:18:01,7
1970-01-01 00:18:02,8
1970-01-01 00:18:03,7
1970-01-01 00:18:04,7
1970-01-01 00:18:05,7
1970-01-01 00:18:06,8
1970-01-01 00:18:07,6
1970-01-01 00:18:08,6
1970-01-01 00:18:09,6
1970-01-01 00:18:10,6
1970-01-01 00:18:11,6
1970-01-01 00:18:12,6
1970-01-01 00:18:13,6
1970-01-01 00:18:14,5
1970-01-01 00:18:15,6
1970-01-01 00:18:16,6
1970-01-01 00:18:17,7
1970-01-01 00:18:18,6
1970-01-01 00:18:19,7
1970-01-01 00:18:20,7
1970-01-01 00:18:21,6
1970-01-01 00:18:22,5
1970-01-01 00:18:23,6
1970-01-01 00:18:24,6
1970-01-01 00:18:25,6
1970-01-01 00:18:26,6
1970-01-01 00:18:27,6
1970-01-01 00:18:28,6
1970-01-01 00:18:29,6
1970-01-01 00:18:30,7
1970-01-01 00:18:31,6
1970-01-01 00:18:32,5
1970-01-01 00:18:33,5
1970-01-01 00:18:34,5
1970-01-01 00:18:35,5
1970-01-01 00:18:36,5
1970-01-01 00:18:37,4
1970-01-01 00:18:38,4
1970-01-01 00:18:39,4
1970-01-01 00:18:40,4
1970-01-01 00:18:41,5
1970-01-01 00:18:42,5
1970-01-01 00:18:43,5
1970-01-01 00:18:44,4
1970-01-01 00:18:45,6
1970-01-01 00:18:46,5
1970-01-01 00:18:47,6
1970-01-01 00:18:48,4
1970-01-01 00:18:49,4
1970-01-01 00:18:50,3
1970-01-01 00:18:51,7
1970-01-01 00:18:52,7
1970-01-01 00:18:53,6
1970-01-01 00:18:54,5
1970-01-01 00:18:55,6
1970-01-01 00:18:56,6
1970-01-01 00:18:57,7
1970-01-01 00:18:58,7
1970-01-01 00:18:59,6
1970-01-01 00:19:00,6
1970-01-01 00:19:01,7
1970-01-01 00:19:02,6
1970-01-01 00:19:03,6
1970-01-01 00:19:04,6
1970-01-01 00:19:05,6
1970-01-01 00:19:06,8
1970-01-01 00:19:07,8
1970-01-01 00:19:08,5
1970-01-01 00:19:09,6
1970-01-01 00:19:10,8
1970-01-01 00:19:11,8
1970-01-01 00:19:12,7
1970-01-01 00:19:13,7
1970-01-01 00:19:14,7
1970-01-01 00:19:15,8
1970-01-01 00:19:16,7
1970-01-01 00:19:17,7
1970-01-01 00:19:18,7
1970-01-01 00:19:19,8
1970-01-01 00:19:20,7
1970-01-01 00:19:21,6
1970-01-01 00:19:22,7
1970-01-01 00:19:23,7
1970-01-01 00:19:24,6
1970-01-01 00:19:25,5
1970-01-01 00:19:26,7
1970-01-01 00:19:27,7
1970-01-01 00:19:28,6
1970-01-01 00:19:29,6
1970-01-01 00:19:30,6
1970-01-01 00:19:31,6
1970-01-01 00:19:32,6
1970-01-01 00:19:33,8
1970-01-01 00:19:34,6
1970-01-01 00:19:35,6
1970-01-01 00:19:36,6
1970-01-01 00:19:37,6
1970-01-01 00:19:38,6
1970-01-01 00:19:39,6
1970-01-01 00:19:40,6
1970-01-01 00:19:41,6
1970-01-01 00:19:42,6
1970-01-01 00:19:43,6
1970-01-01 00:19:44,6
1970-01-01 00:19:45,7
1970-01-01 00:19:46,6
1970-01-01 00:19:47,6
1970-01-01 00:19:48,5
1970-01-01 00:19:49,5
1970-01-01 00:19:50,5
1970-01-01 00:19:51,6
1970-01-01 00:19:52,6
1970-01-01 00:19:53,6
1970-01-01 00:19:54,6
1970-01-01 00:19:55,5
1970-01-01 00:19:56,5
1970-01-01 00:19:57,6
1970-01-01 00:19:58,7
1970-01-01 00:19:59,5
1970-01-01 00:20:00,6
1970-01-01 00:20:01,6
1970-01-01 00:20:02,6
1970-01-01 00:20:03,6
1970-01-01 00:20:04,6
1970-01-01 00:20:05,7
1970-01-01 00:20:06,7
1970-01-01 00:20:07,7
1970-01-01 00:20:08,7
1970-01-01 00:20:09,7
1970-01-01 00:20:10,7
1970-01-01 00:20:11,7
1970-01-01 00:20:12,8
1970-01-01 00:20:13,7
1970-01-01 00:20:14,7
1970-01-01 00:20:15,8
1970-01-01 00:20:16,8
1970-01-01 00:20:17,7
1970-01-01 00:20:18,7
1970-01-01 00:20:19,7
1970-01-01 00:20:20,8
1970-01-01 00:20:21,7
1970-01-01 00:20:22,7
1970-01-01 00:20:23,7
1970-01-01 00:20:24,7
1970-01-01 00:20:25,7
1970-01-01 00:20:26,7
1970-01-01 00:20:27,7
1970-01-01 00:20:28,7
1970-01-01 00:20:29,7
1970-01-01 00:20:30,7
1970-01-01 00:20:31,7
1970-01-01 00:20:32,7
1970-01-01 00:20:33,7
1970-01-01 00:20:34,7
1970-01-01 00:20:35,7
1970-01-01 00:20:36,7
1970-01-01 00:20:37,7
1970-01-01 00:20:38,6
1970-01-01 00:20:39,7
1970-01-01 00:20:40,6
1970-01-01 00:20:41,6
1970-01-01 00:20:42,7
1970-01-01 00:20:43,6
1970-01-01 00:20:44,7
1970-01-01 00:20:45,7
1970-01-01 00:20:46,6
1970-01-01 00:20:47,7
1970-01-01 00:20:48,7
1970-01-01 00:20:49,7
1970-01-01 00:20:50,7
1970-01-01 00:20:51,7
1970-01-01 00:20:52,6
1970-01-01 00:20:53,6
1970-01-01 00:20:54,6
1970-01-01 00:20:55,7
1970-01-01 00:20:56,7
1970-01-01 00:20:57,7
1970-01-01 00:20:58,7
1970-01-01 00:20:59,7
1970-01-01 00:21:00,6
1970-01-01 00:21:01,6
1970-01-01 00:21:02,7
1970-01-01 00:21:03,6
1970-01-01 00:21:04,6
1970-01-01 00:21:05,7
1970-01-01 00:21:06,7
1970-01-01 00:21:07,6
1970-01-01 00:21:08,6
1970-01-01 00:21:09,6
1970-01-01 00:21:10,6
1970-01-01 00:21:11,6
1970-01-01 00:21:12,7
1970-01-01 00:21:13,7
1970-01-01 00:21:14,7
1970-01-01 00:21:15,6
1970-01-01 00:21:16,6
1970-01-01 00:21:17,7
1970-01-01 00:21:18,7
1970-01-01 00:21:19,6
1970-01-01 00:21:20,7
1970-01-01 00:21:21,6
1970-01-01 00:21:22,6
1970-01-01 00:21:23,6
1970-01-01 00:21:24,6
1970-01-01 00:21:25,6
1970-01-01 00:21:26,7
1970-01-01 00:21:27,6
1970-01-01 00:21:28,6
1970-01-01 00:21:29,6
1970-01-01 00:21:30,7
1970-01-01 00:21:31,6
1970-01-01 00:21:32,7
1970-01-01 00:21:33,7
1970-01-01 00:21:34,7
1970-01-01 00:21:35,7
1970-01-01 00:21:36,7
1970-01-01 00:21:37,6
1970-01-01 00:21:38,7
1970-01-01 00:21:39,6
1970-01-01 00:21:40,7
1970-01-01 00:21:41,7
1970-01-01 00:21:42,6
1970-01-01 00:21:43,6
1970-01-01 00:21:44,7
1970-01-01 00:21:45,7
1970-01-01 00:21:46,6
1970-01-01 00:21:47,6
1970-01-01 00:21:48,6
1970-01-01 00:21:49,6
1970-01-01 00:21:50,6
1970-01-01 00:21:51,6
1970-01-01 00:21:52,6
1970-01-01 00:21:53,6
1970-01-01 00:21:54,6
1970-01-01 00:21:55,6
1970-01-01 00:21:56,6
1970-01-01 00:21:57,7
1970-01-01 00:21:58,6
1970-01-01 00:21:59,7
1970-01-01 00:22:00,7
1970-01-01 00:22:01,7
1970-01-01 00:22:02,6
1970-01-01 00:22:03,7
1970-01-01 00:22:04,6
1970-01-01 00:22:05,6
1970-01-01 00:22:06,6
1970-01-01 00:22:07,6
1970-01-01 00:22:08,6
1970-01-01 00:22:09,6
1970-01-01 00:22:10,6
1970-01-01 00:22:11,6
1970-01-01 00:22:12,7
1970-01-01 00:22:13,5
1970-01-01 00:22:14,6
1970-01-01 00:22:15,5
1970-01-01 00:22:16,6
1970-01-01 00:22:17,6
1970-01-01 00:22:18,5
1970-01-01 00:22:19,5
1970-01-01 00:22:20,5
1970-01-01 00:22:21,4
1970-01-01 00:22:22,5
1970-01-01 00:22:23,6
1970-01-01 00:22:24,5
1970-01-01 00:22:25,5
1970-01-01 00:22:26,5
1970-01-01 00:22:27,5
1970-01-01 00:22:28,6
1970-01-01 00:22:29,5
1970-01-01 00:22:30,5
1970-01-01 00:22:31,6
1970-01-01 00:22:32,5
1970-01-01 00:22:33,5
1970-01-01 00:22:34,6
1970-01-01 00:22:35,5
1970-01-01 00:22:36,5
1970-01-01 00:22:37,6
1970-01-01 00:22:38,6
1970-01-01 00:22:39,6
1970-01-01 00:22:40,5
1970-01-01 00:22:41,5
1970-01-01 00:22:42,5
1970-01-01 00:22:43,6
1970-01-01 00:22:44,6
1970-01-01 00:22:45,6
1970-01-01 00:22:46,6
1970-01-01 00:22:47,6
1970-01-01 00:22:48,6
1970-01-01 00:22:49,6
1970-01-01 00:22:50,6
1970-01-01 00:22:51,6
1970-01-01 00:22:52,6
1970-01-01 00:22:53,6
1970-01-01 00:22:54,6
1970-01-01 00:22:55,6
1970-01-01 00:22:56,6
1970-01-01 00:22:57,6
1970-01-01 00:22:58,6
1970-01-01 00:22:59,6
1970-01-01 00:23:00,6
1970-01-01 00:23:01,5
1970-01-01 00:23:02,6
1970-01-01 00:23:03,6
1970-01-01 00:23:04,5
1970-01-01 00:23:05,6
1970-01-01 00:23:06,4
1970-01-01 00:23:07,4
1970-01-01 00:23:08,4
1970-01-01 00:23:09,5
1970-01-01 00:23:10,6
1970-01-01 00:23:11,6
1970-01-01 00:23:12,6
1970-01-01 00:23:13,6
1970-01-01 00:23:14,5
1970-01-01 00:23:15,5
1970-01-01 00:23:16,5
1970-01-01 00:23:17,5
1970-01-01 00:23:18,5
1970-01-01 00:23:19,6
1970-01-01 00:23:20,6
1970-01-01 00:23:21,6
1970-01-01 00:23:22,6
1970-01-01 00:23:23,6
1970-01-01 00:23:24,6
1970-01-01 00:23:25,6
1970-01-01 00:23:26,7
1970-01-01 00:23:27,7
1970-01-01 00:23:28,6
1970-01-01 00:23:29,6
1970-01-01 00:23:30,6
1970-01-01 00:23:31,6
1970-01-01 00:23:32,6
1970-01-01 00:23:33,6
1970-01-01 00:23:34,6
1970-01-01 00:23:35,6
1970-01-01 00:23:36,7
1970-01-01 00:23:37,6
1970-01-01 00:23:38,6
1970-01-01 00:23:39,6
1970-01-01 00:23:40,6
1970-01-01 00:23:41,6
1970-01-01 00:23:42,7
1970-01-01 00:23:43,7
1970-01-01 00:23:44,7
1970-01-01 00:23:45,7
1970-01-01 00:23:46,7
1970-01-01 00:23:47,7
1970-01-01 00:23:48,7
1970-01-01 00:23:49,7
1970-01-01 00:23:50,8
1970-01-01 00:23:51,7
1970-01-01 00:23:52,7
1970-01-01 00:23:53,7
1970-01-01 00:23:54,7
1970-01-01 00:23:55,6
1970-01-01 00:23:56,6
1970-01-01 00:23:57,6
1970-01-01 00:23:58,6
1970-01-01 00:23:59,7
1970-01-01 00:24:00,6
1970-01-01 00:24:01,5
1970-01-01 00:24:02,5
1970-01-01 00:24:03,5
1970-01-01 00:24:04,5
1970-01-01 00:24:05,5
1970-01-01 00:24:06,5
1970-01-01 00:24:07,5
1970-01-01 00:24:08,6
1970-01-01 00:24:09,5
1970-01-01 00:24:10,5
1970-01-01 00:24:11,6
1970-01-01 00:24:12,5
1970-01-01 00:24:13,5
1970-01-01 00:24:14,6
1970-01-01 00:24:15,5
1970-01-01 00:24:16,6
1970-01-01 00:24:17,5
1970-01-01 00:24:18,5
1970-01-01 00:24:19,5
1970-01-01 00:24:20,5
1970-01-01 00:24:21,4
1970-01-01 00:24:22,5
1970-01-01 00:24:23,6
1970-01-01 00:24:24,5
1970-01-01 00:24:25,6
1970-01-01 00:24:26,6
1970-01-01 00:24:27,5
1970-01-01 00:24:28,6
1970-01-01 00:24:29,5
1970-01-01 00:24:30,5
1970-01-01 00:24:31,5
1970-01-01 00:24:32,5
1970-01-01 00:24:33,5
1970-01-01 00:24:34,5
1970-01-01 00:24:35,5
1970-01-01 00:24:36,5
1970-01-01 00:24:37,5
1970-01-01 00:24:38,5
1970-01-01 00:24:39,4
1970-01-01 00:24:40,4
1970-01-01 00:24:41,4
1970-01-01 00:24:42,5
1970-01-01 00:24:43,4
1970-01-01 00:24:44,4
1970-01-01 00:24:45,4
1970-01-01 00:24:46,4
1970-01-01 00:24:47,4
1970-01-01 00:24:48,4
1970-01-01 00:24:49,4
1970-01-01 00:24:50,4
1970-01-01 00:24:51,4
1970-01-01 00:24:52,4
1970-01-01 00:24:53,5
1970-01-01 00:24:54,4
1970-01-01 00:24:55,4
1970-01-01 00:24:56,4
1970-01-01 00:24:57,4
1970-01-01 00:24:58,4
1970-01-01 00:24:59,4
1970-01-01 00:25:00,3
1970-01-01 00:25:01,3
1970-01-01 00:25:02,3
1970-01-01 00:25:03,5
1970-01-01 00:25:04,5
1970-01-01 00:25:05,5
1970-01-01 00:25:06,4
1970-01-01 00:25:07,4
1970-01-01 00:25:08,5
1970-01-01 00:25:09,5
1970-01-01 00:25:10,6
1970-01-01 00:25:11,6
1970-01-01 00:25:12,6
1970-01-01 00:25:13,7
1970-01-01 00:25:14,7
1970-01-01 00:25:15,6
1970-01-01 00:25:16,7
1970-01-01 00:25:17,6
1970-01-01 00:25:18,6
1970-01-01 00:25:19,6
1970-01-01 00:25:20,6
1970-01-01 00:25:21,6
1970-01-01 00:25:22,6
1970-01-01 00:25:23,6
1970-01-01 00:25:24,6
1970-01-01 00:25:25,6
1970-01-01 00:25:26,6
1970-01-01 00:25:27,6
1970-01-01 00:25:28,6
1970-01-01 00:25:29,6
1970-01-01 00:25:30,6
1970-01-01 00:25:31,6
1970-01-01 00:25:32,6
1970-01-01 00:25:33,7
1970-01-01 00:25:34,7
1970-01-01 00:25:35,7
1970-01-01 00:25:36,7
1970-01-01 00:25:37,7
1970-01-01 00:25:38,7
1970-01-01 00:25:39,7
1970-01-01 00:25:40,7
1970-01-01 00:25:41,7
1970-01-01 00:25:42,7
1970-01-01 00:25:43,7
1970-01-01 00:25:44,7
1970-01-01 00:25:45,5
1970-01-01 00:25:46,5
1970-01-01 00:25:47,5
1970-01-01 00:25:48,5
1970-01-01 00:25:49,5
1970-01-01 00:25:50,5
1970-01-01 00:25:51,5
1970-01-01 00:25:52,6
1970-01-01 00:25:53,6
1970-01-01 00:25:54,6
1970-01-01 00:25:55,5
1970-01-01 00:25:56,5
1970-01-01 00:25:57,5
1970-01-01 00:25:58,6
1970-01-01 00:25:59,6
1970-01-01 00:26:00,6
1970-01-01 00:26:01,6
1970-01-01 00:26:02,6
1970-01-01 00:26:03,6
1970-01-01 00:26:04,6
1970-01-01 00:26:05,6
1970-01-01 00:26:06,5
1970-01-01 00:26:07,5
1970-01-01 00:26:08,6
1970-01-01 00:26:09,5
1970-01-01 00:26:10,6
1970-01-01 00:26:11,6
1970-01-01 00:26:12,5
1970-01-01 00:26:13,5
1970-01-01 00:26:14,5
1970-01-01 00:26:15,5
1970-01-01 00:26:16,5
1970-01-01 00:26:17,5
1970-01-01 00:26:18,5
1970-01-01 00:26:19,5
1970-01-01 00:26:20,6
1970-01-01 00:26:21,5
1970-01-01 00:26:22,5
1970-01-01 00:26:23,5
1970-01-01 00:26:24,5
1970-01-01 00:26:25,5
1970-01-01 00:26:26,5
1970-01-01 00:26:27,6
1970-01-01 00:26:28,5
1970-01-01 00:26:29,6
1970-01-01 00:26:30,7
1970-01-01 00:26:31,7
1970-01-01 00:26:32,7
1970-01-01 00:26:33,5
1970-01-01 00:26:34,4
1970-01-01 00:26:35,6
1970-01-01 00:26:36,7
1970-01-01 00:26:37,6
1970-01-01 00:26:38,6
1970-01-01 00:26:39,6
1970-01-01 00:26:40,7
1970-01-01 00:26:41,7
1970-01-01 00:26:42,6
1970-01-01 00:26:43,6
1970-01-01 00:26:44,6
1970-01-01 00:26:45,4
1970-01-01 00:26:46,5
1970-01-01 00:26:47,5
1970-01-01 00:26:48,5
1970-01-01 00:26:49,4
1970-01-01 00:26:50,4
1970-01-01 00:26:51,5
1970-01-01 00:26:52,5
1970-01-01 00:26:53,5
1970-01-01 00:26:54,5
1970-01-01 00:26:55,5
1970-01-01 00:26:56,5
1970-01-01 00:26:57,4
1970-01-01 00:26:58,6
1970-01-01 00:26:59,6
1970-01-01 00:27:00,7
1970-01-01 00:27:01,6
1970-01-01 00:27:02,6
1970-01-01 00:27:03,6
1970-01-01 00:27:04,7
1970-01-01 00:27:05,5
1970-01-01 00:27:06,5
1970-01-01 00:27:07,5
1970-01-01 00:27:08,5
1970-01-01 00:27:09,5
1970-01-01 00:27:10,5
1970-01-01 00:27:11,5
1970-01-01 00:27:12,6
1970-01-01 00:27:13,5
1970-01-01 00:27:14,5
1970-01-01 00:27:15,6
1970-01-01 00:27:16,6
1970-01-01 00:27:17,6
1970-01-01 00:27:18,5
1970-01-01 00:27:19,4
1970-01-01 00:27:20,5
1970-01-01 00:27:21,5
1970-01-01 00:27:22,5
1970-01-01 00:27:23,5
1970-01-01 00:27:24,5
1970-01-01 00:27:25,4
1970-01-01 00:27:26,4
1970-01-01 00:27:27,5
1970-01-01 00:27:28,5
1970-01-01 00:27:29,4
1970-01-01 00:27:30,5
1970-01-01 00:27:31,4
1970-01-01 00:27:32,5
1970-01-01 00:27:33,5
1970-01-01 00:27:34,4
1970-01-01 00:27:35,5
1970-01-01 00:27:36,5
1970-01-01 00:27:37,5
1970-01-01 00:27:38,4
1970-01-01 00:27:39,4
1970-01-01 00:27:40,4
1970-01-01 00:27:41,4
1970-01-01 00:27:42,5
1970-01-01 00:27:43,4
1970-01-01 00:27:44,4
1970-01-01 00:27:45,4
1970-01-01 00:27:46,4
1970-01-01 00:27:47,4
1970-01-01 00:27:48,4
1970-01-01 00:27:49,4
1970-01-01 00:27:50,4
1970-01-01 00:27:51,4
1970-01-01 00:27:52,4
1970-01-01 00:27:53,4
1970-01-01 00:27:54,4
1970-01-01 00:27:55,4
1970-01-01 00:27:56,4
1970-01-01 00:27:57,4
1970-01-01 00:27:58,4
1970-01-01 00:27:59,4
1970-01-01 00:28:00,4
1970-01-01 00:28:01,4
1970-01-01 00:28:02,4
1970-01-01 00:28:03,4
1970-01-01 00:28:04,4
1970-01-01 00:28:05,4
1970-01-01 00:28:06,4
1970-01-01 00:28:07,4
1970-01-01 00:28:08,4
1970-01-01 00:28:09,4
1970-01-01 00:28:10,4
1970-01-01 00:28:11,4
1970-01-01 00:28:12,4
1970-01-01 00:28:13,4
1970-01-01 00:28:14,4
1970-01-01 00:28:15,5
1970-01-01 00:28:16,5
1970-01-01 00:28:17,5
1970-01-01 00:28:18,5
1970-01-01 00:28:19,5
1970-01-01 00:28:20,5
1970-01-01 00:28:21,5
1970-01-01 00:28:22,5
1970-01-01 00:28:23,5
1970-01-01 00:28:24,5
1970-01-01 00:28:25,6
1970-01-01 00:28:26,6
1970-01-01 00:28:27,6
1970-01-01 00:28:28,6
1970-01-01 00:28:29,6
1970-01-01 00:28:30,6
1970-01-01 00:28:31,6
1970-01-01 00:28:32,6
1970-01-01 00:28:33,6
1970-01-01 00:28:34,6
1970-01-01 00:28:35,6
1970-01-01 00:28:36,6
1970-01-01 00:28:37,6
1970-01-01 00:28:38,6
1970-01-01 00:28:39,6
1970-01-01 00:28:40,7
1970-01-01 00:28:41,6
1970-01-01 00:28:42,6
1970-01-01 00:28:43,6
1970-01-01 00:28:44,6
1970-01-01 00:28:45,6
1970-01-01 00:28:46,6
1970-01-01 00:28:47,6
1970-01-01 00:28:48,6
1970-01-01 00:28:49,6
1970-01-01 00:28:50,6
1970-01-01 00:28:51,6
1970-01-01 00:28:52,7
1970-01-01 00:28:53,7
1970-01-01 00:28:54,6
1970-01-01 00:28:55,6
1970-01-01 00:28:56,6
1970-01-01 00:28:57,7
1970-01-01 00:28:58,7
1970-01-01 00:28:59,6
1970-01-01 00:29:00,8
1970-01-01 00:29:01,7
1970-01-01 00:29:02,7
1970-01-01 00:29:03,8
1970-01-01 00:29:04,9
1970-01-01 00:29:05,9
1970-01-01 00:29:06,8
1970-01-01 00:29:07,9
1970-01-01 00:29:08,9
1970-01-01 00:29:09,8
1970-01-01 00:29:10,8
1970-01-01 00:29:11,8
1970-01-01 00:29:12,8
1970-01-01 00:29:13,11
1970-01-01 00:29:14,8
1970-01-01 00:29:15,8
1970-01-01 00:29:16,7
1970-01-01 00:29:17,8
1970-01-01 00:29:18,8
1970-01-01 00:29:19,8
1970-01-01 00:29:20,6
1970-01-01 00:29:21,7
1970-01-01 00:29:22,6
1970-01-01 00:29:23,6
1970-01-01 00:29:24,6
1970-01-01 00:29:25,10
1970-01-01 00:29:26,7
1970-01-01 00:29:27,7
1970-01-01 00:29:28,7
1970-01-01 00:29:29,9
1970-01-01 00:29:30,6
1970-01-01 00:29:31,6
1970-01-01 00:29:32,7
1970-01-01 00:29:33,9
1970-01-01 00:29:34,8
1970-01-01 00:29:35,7
1970-01-01 00:29:36,7
1970-01-01 00:29:37,7
1970-01-01 00:29:38,6
1970-01-01 00:29:39,6
1970-01-01 00:29:40,6
1970-01-01 00:29:41,6
1970-01-01 00:29:42,6
1970-01-01 00:29:43,6
1970-01-01 00:29:44,6
1970-01-01 00:29:45,6
1970-01-01 00:29:46,6
1970-01-01 00:29:47,6
1970-01-01 00:29:48,7
1970-01-01 00:29:49,7
1970-01-01 00:29:50,7
1970-01-01 00:29:51,7
1970-01-01 00:29:52,8
1970-01-01 00:29:53,7
1970-01-01 00:29:54,8
1970-01-01 00:29:55,9
1970-01-01 00:29:56,6
1970-01-01 00:29:57,6
1970-01-01 00:29:58,6
1970-01-01 00:29:59,6
1970-01-01 00:30:00,7
1970-01-01 00:30:01,7
1970-01-01 00:30:02,7
1970-01-01 00:30:03,7
1970-01-01 00:30:04,7
1970-01-01 00:30:05,7
1970-01-01 00:30:06,7
1970-01-01 00:30:07,7
1970-01-01 00:30:08,6
1970-01-01 00:30:09,7
1970-01-01 00:30:10,8
1970-01-01 00:30:11,8
1970-01-01 00:30:12,7
1970-01-01 00:30:13,7
1970-01-01 00:30:14,7
1970-01-01 00:30:15,7
1970-01-01 00:30:16,7
1970-01-01 00:30:17,7
1970-01-01 00:30:18,8
1970-01-01 00:30:19,7
1970-01-01 00:30:20,7
1970-01-01 00:30:21,7
1970-01-01 00:30:22,7
1970-01-01 00:30:23,7
1970-01-01 00:30:24,7
1970-01-01 00:30:25,7
1970-01-01 00:30:26,7
1970-01-01 00:30:27,7
1970-01-01 00:30:28,7
1970-01-01 00:30:29,8
1970-01-01 00:30:30,7
1970-01-01 00:30:31,7
1970-01-01 00:30:32,8
1970-01-01 00:30:33,7
1970-01-01 00:30:34,7
1970-01-01 00:30:35,8
1970-01-01 00:30:36,7
1970-01-01 00:30:37,8
1970-01-01 00:30:38,8
1970-01-01 00:30:39,7
1970-01-01 00:30:40,8
1970-01-01 00:30:41,7
1970-01-01 00:30:42,7
1970-01-01 00:30:43,6
1970-01-01 00:30:44,5
1970-01-01 00:30:45,6
1970-01-01 00:30:46,6
1970-01-01 00:30:47,5
1970-01-01 00:30:48,5
1970-01-01 00:30:49,6
1970-01-01 00:30:50,5
1970-01-01 00:30:51,5
1970-01-01 00:30:52,5
1970-01-01 00:30:53,5
1970-01-01 00:30:54,5
1970-01-01 00:30:55,5
1970-01-01 00:30:56,5
1970-01-01 00:30:57,5
1970-01-01 00:30:58,5
1970-01-01 00:30:59,5
1970-01-01 00:31:00,5
1970-01-01 00:31:01,5
1970-01-01 00:31:02,5
1970-01-01 00:31:03,5
1970-01-01 00:31:04,5
1970-01-01 00:31:05,5
1970-01-01 00:31:06,5
1970-01-01 00:31:07,5
1970-01-01 00:31:08,5
1970-01-01 00:31:09,5
1970-01-01 00:31:10,5
1970-01-01 00:31:11,5
1970-01-01 00:31:12,5
1970-01-01 00:31:13,5
1970-01-01 00:31:14,5
1970-01-01 00:31:15,5
1970-01-01 00:31:16,5
1970-01-01 00:31:17,5
1970-01-01 00:31:18,5
1970-01-01 00:31:19,4
1970-01-01 00:31:20,4
1970-01-01 00:31:21,4
1970-01-01 00:31:22,4
1970-01-01 00:31:23,4
1970-01-01 00:31:24,4
1970-01-01 00:31:25,4
1970-01-01 00:31:26,4
1970-01-01 00:31:27,4
1970-01-01 00:31:28,4
1970-01-01 00:31:29,4
1970-01-01 00:31:30,4
1970-01-01 00:31:31,4
1970-01-01 00:31:32,3
1970-01-01 00:31:33,3
1970-01-01 00:31:34,3
1970-01-01 00:31:35,3
1970-01-01 00:31:36,3
1970-01-01 00:31:37,3
1970-01-01 00:31:38,3
1970-01-01 00:31:39,3
1970-01-01 00:31:40,4
1970-01-01 00:31:41,3
1970-01-01 00:31:42,4
1970-01-01 00:31:43,3
1970-01-01 00:31:44,3
1970-01-01 00:31:45,3
1970-01-01 00:31:46,3
1970-01-01 00:31:47,3
1970-01-01 00:31:48,3
1970-01-01 00:31:49,3
1970-01-01 00:31:50,3
1970-01-01 00:31:51,3
1970-01-01 00:31:52,2
1970-01-01 00:31:53,3
1970-01-01 00:31:54,3
1970-01-01 00:31:55,2
1970-01-01 00:31:56,3
1970-01-01 00:31:57,3
1970-01-01 00:31:58,5
1970-01-01 00:31:59,5
1970-01-01 00:32:00,5
1970-01-01 00:32:01,5
1970-01-01 00:32:02,5
1970-01-01 00:32:03,4
1970-01-01 00:32:04,5
1970-01-01 00:32:05,5
1970-01-01 00:32:06,5
1970-01-01 00:32:07,5
1970-01-01 00:32:08,5
1970-01-01 00:32:09,5
1970-01-01 00:32:10,5
1970-01-01 00:32:11,5
1970-01-01 00:32:12,5
1970-01-01 00:32:13,5
1970-01-01 00:32:14,4
1970-01-01 00:32:15,5
1970-01-01 00:32:16,5
1970-01-01 00:32:17,5
1970-01-01 00:32:18,5
1970-01-01 00:32:19,5
1970-01-01 00:32:20,5
1970-01-01 00:32:21,5
1970-01-01 00:32:22,5
1970-01-01 00:32:23,5
1970-01-01 00:32:24,5
1970-01-01 00:32:25,5
1970-01-01 00:32:26,5
1970-01-01 00:32:27,4
1970-01-01 00:32:28,4
1970-01-01 00:32:29,5
1970-01-01 00:32:30,5
1970-01-01 00:32:31,5
1970-01-01 00:32:32,5
1970-01-01 00:32:33,5
1970-01-01 00:32:34,5
1970-01-01 00:32:35,5
1970-01-01 00:32:36,5
1970-01-01 00:32:37,6
1970-01-01 00:32:38,6
1970-01-01 00:32:39,5
1970-01-01 00:32:40,6
1970-01-01 00:32:41,6
1970-01-01 00:32:42,6
1970-01-01 00:32:43,6
1970-01-01 00:32:44,5
1970-01-01 00:32:45,5
1970-01-01 00:32:46,5
1970-01-01 00:32:47,6
1970-01-01 00:32:48,6
1970-01-01 00:32:49,6
1970-01-01 00:32:50,5
1970-01-01 00:32:51,6
1970-01-01 00:32:52,6
1970-01-01 00:32:53,6
1970-01-01 00:32:54,6
1970-01-01 00:32:55,6
1970-01-01 00:32:56,5
1970-01-01 00:32:57,5
1970-01-01 00:32:58,5
1970-01-01 00:32:59,4
1970-01-01 00:33:00,5
1970-01-01 00:33:01,5
1970-01-01 00:33:02,4
1970-01-01 00:33:03,7
1970-01-01 00:33:04,7
1970-01-01 00:33:05,5
1970-01-01 00:33:06,6
1970-01-01 00:33:07,6
1970-01-01 00:33:08,5
1970-01-01 00:33:09,6
1970-01-01 00:33:10,7
1970-01-01 00:33:11,7
1970-01-01 00:33:12,6
1970-01-01 00:33:13,7
1970-01-01 00:33:14,7
1970-01-01 00:33:15,6
1970-01-01 00:33:16,7
1970-01-01 00:33:17,7
1970-01-01 00:33:18,7
1970-01-01 00:33:19,8
1970-01-01 00:33:20,7
1970-01-01 00:33:21,6
1970-01-01 00:33:22,7
1970-01-01 00:33:23,6
1970-01-01 00:33:24,7
1970-01-01 00:33:25,7
1970-01-01 00:33:26,6
1970-01-01 00:33:27,8
1970-01-01 00:33:28,7
1970-01-01 00:33:29,6
1970-01-01 00:33:30,7
1970-01-01 00:33:31,7
1970-01-01 00:33:32,6
1970-01-01 00:33:33,6
1970-01-01 00:33:34,6
1970-01-01 00:33:35,8
1970-01-01 00:33:36,6
1970-01-01 00:33:37,7
1970-01-01 00:33:38,6
1970-01-01 00:33:39,6
1970-01-01 00:33:40,6
1970-01-01 00:33:41,6
1970-01-01 00:33:42,6
1970-01-01 00:33:43,6
1970-01-01 00:33:44,6
1970-01-01 00:33:45,6
1970-01-01 00:33:46,6
1970-01-01 00:33:47,7
1970-01-01 00:33:48,6
1970-01-01 00:33:49,6
1970-01-01 00:33:50,6
1970-01-01 00:33:51,6
1970-01-01 00:33:52,6
1970-01-01 00:33:53,5
1970-01-01 00:33:54,4
1970-01-01 00:33:55,3
1970-01-01 00:33:56,4
1970-01-01 00:33:57,5
1970-01-01 00:33:58,6
1970-01-01 00:33:59,5
1970-01-01 00:34:00,5
1970-01-01 00:34:01,5
1970-01-01 00:34:02,3
1970-01-01 00:34:03,3
1970-01-01 00:34:04,3
1970-01-01 00:34:05,4
1970-01-01 00:34:06,4
1970-01-01 00:34:07,4
1970-01-01 00:34:08,3
1970-01-01 00:34:09,4
1970-01-01 00:34:10,5
1970-01-01 00:34:11,3
1970-01-01 00:34:12,3
1970-01-01 00:34:13,4
1970-01-01 00:34:14,5
1970-01-01 00:34:15,5
1970-01-01 00:34:16,5
1970-01-01 00:34:17,5
1970-01-01 00:34:18,5
1970-01-01 00:34:19,5
1970-01-01 00:34:20,6
1970-01-01 00:34:21,5
1970-01-01 00:34:22,6
1970-01-01 00:34:23,6
1970-01-01 00:34:24,5
1970-01-01 00:34:25,5
1970-01-01 00:34:26,3
1970-01-01 00:34:27,3
1970-01-01 00:34:28,3
1970-01-01 00:34:29,3
1970-01-01 00:34:30,4
1970-01-01 00:34:31,5
1970-01-01 00:34:32,3
1970-01-01 00:34:33,4
1970-01-01 00:34:34,3
1970-01-01 00:34:35,3
1970-01-01 00:34:36,3
1970-01-01 00:34:37,3
1970-01-01 00:34:38,3
1970-01-01 00:34:39,3
1970-01-01 00:34:40,3
1970-01-01 00:34:41,3
1970-01-01 00:34:42,3
1970-01-01 00:34:43,3
1970-01-01 00:34:44,4
1970-01-01 00:34:45,4
1970-01-01 00:34:46,4
1970-01-01 00:34:47,5
1970-01-01 00:34:48,5
1970-01-01 00:34:49,5
1970-01-01 00:34:50,5
1970-01-01 00:34:51,5
1970-01-01 00:34:52,6
1970-01-01 00:34:53,7
1970-01-01 00:34:54,6
1970-01-01 00:34:55,6
1970-01-01 00:34:56,6
1970-01-01 00:34:57,7
1970-01-01 00:34:58,6
1970-01-01 00:34:59,5
1970-01-01 00:35:00,7
1970-01-01 00:35:01,7
1970-01-01 00:35:02,8
1970-01-01 00:35:03,6
1970-01-01 00:35:04,7
1970-01-01 00:35:05,4
1970-01-01 00:35:06,4
1970-01-01 00:35:07,6
1970-01-01 00:35:08,5
1970-01-01 00:35:09,5
1970-01-01 00:35:10,3
1970-01-01 00:35:11,5
1970-01-01 00:35:12,5
1970-01-01 00:35:13,6
1970-01-01 00:35:14,4
1970-01-01 00:35:15,5
1970-01-01 00:35:16,5
1970-01-01 00:35:17,4
1970-01-01 00:35:18,5
1970-01-01 00:35:19,7
1970-01-01 00:35:20,5
1970-01-01 00:35:21,6
1970-01-01 00:35:22,6
1970-01-01 00:35:23,6
1970-01-01 00:35:24,6
1970-01-01 00:35:25,5
1970-01-01 00:35:26,6
1970-01-01 00:35:27,7
1970-01-01 00:35:28,6
1970-01-01 00:35:29,6
1970-01-01 00:35:30,5
1970-01-01 00:35:31,7
1970-01-01 00:35:32,6
1970-01-01 00:35:33,6
1970-01-01 00:35:34,6
1970-01-01 00:35:35,6
1970-01-01 00:35:36,5
1970-01-01 00:35:37,6
1970-01-01 00:35:38,6
1970-01-01 00:35:39,6
1970-01-01 00:35:40,6
1970-01-01 00:35:41,7
1970-01-01 00:35:42,7
1970-01-01 00:35:43,7
1970-01-01 00:35:44,5
1970-01-01 00:35:45,7
1970-01-01 00:35:46,7
1970-01-01 00:35:47,8
1970-01-01 00:35:48,7
1970-01-01 00:35:49,7
1970-01-01 00:35:50,7
1970-01-01 00:35:51,7
1970-01-01 00:35:52,6
1970-01-01 00:35:53,7
1970-01-01 00:35:54,7
1970-01-01 00:35:55,6
1970-01-01 00:35:56,6
1970-01-01 00:35:57,6
1970-01-01 00:35:58,5
1970-01-01 00:35:59,6
1970-01-01 00:36:00,6
1970-01-01 00:36:01,8
1970-01-01 00:36:02,6
1970-01-01 00:36:03,7
1970-01-01 00:36:04,6
1970-01-01 00:36:05,7
1970-01-01 00:36:06,6
1970-01-01 00:36:07,7
1970-01-01 00:36:08,6
1970-01-01 00:36:09,6
1970-01-01 00:36:10,6
1970-01-01 00:36:11,7
1970-01-01 00:36:12,7
1970-01-01 00:36:13,7
1970-01-01 00:36:14,6
1970-01-01 00:36:15,6
1970-01-01 00:36:16,7
1970-01-01 00:36:17,7
1970-01-01 00:36:18,7
1970-01-01 00:36:19,6
1970-01-01 00:36:20,6
1970-01-01 00:36:21,7
1970-01-01 00:36:22,7
1970-01-01 00:36:23,7
1970-01-01 00:36:24,7
1970-01-01 00:36:25,7
1970-01-01 00:36:26,7
1970-01-01 00:36:27,7
1970-01-01 00:36:28,7
1970-01-01 00:36:29,6
1970-01-01 00:36:30,6
1970-01-01 00:36:31,6
1970-01-01 00:36:32,6
1970-01-01 00:36:33,6
1970-01-01 00:36:34,6
1970-01-01 00:36:35,6
1970-01-01 00:36:36,6
1970-01-01 00:36:37,6
1970-01-01 00:36:38,6
1970-01-01 00:36:39,6
1970-01-01 00:36:40,6
1970-01-01 00:36:41,6
1970-01-01 00:36:42,6
1970-01-01 00:36:43,7
1970-01-01 00:36:44,6
1970-01-01 00:36:45,6
1970-01-01 00:36:46,6
1970-01-01 00:36:47,6
1970-01-01 00:36:48,6
1970-01-01 00:36:49,5
1970-01-01 00:36:50,5
1970-01-01 00:36:51,5
1970-01-01 00:36:52,5
1970-01-01 00:36:53,4
1970-01-01 00:36:54,5
1970-01-01 00:36:55,4
1970-01-01 00:36:56,4
1970-01-01 00:36:57,4
1970-01-01 00:36:58,4
1970-01-01 00:36:59,4
1970-01-01 00:37:00,4
1970-01-01 00:37:01,4
1970-01-01 00:37:02,5
1970-01-01 00:37:03,6
1970-01-01 00:37:04,5
1970-01-01 00:37:05,6
1970-01-01 00:37:06,5
1970-01-01 00:37:07,6
1970-01-01 00:37:08,6
1970-01-01 00:37:09,6
1970-01-01 00:37:10,5
1970-01-01 00:37:11,5
1970-01-01 00:37:12,5
1970-01-01 00:37:13,6
1970-01-01 00:37:14,7
1970-01-01 00:37:15,6
1970-01-01 00:37:16,6
1970-01-01 00:37:17,7
1970-01-01 00:37:18,6
1970-01-01 00:37:19,6
1970-01-01 00:37:20,7
1970-01-01 00:37:21,6
1970-01-01 00:37:22,7
1970-01-01 00:37:23,6
1970-01-01 00:37:24,6
1970-01-01 00:37:25,5
1970-01-01 00:37:26,7
1970-01-01 00:37:27,5
1970-01-01 00:37:28,6
1970-01-01 00:37:29,6
1970-01-01 00:37:30,6
1970-01-01 00:37:31,6
1970-01-01 00:37:32,6
1970-01-01 00:37:33,6
1970-01-01 00:37:34,5
1970-01-01 00:37:35,6
1970-01-01 00:37:36,6
1970-01-01 00:37:37,6
1970-01-01 00:37:38,6
1970-01-01 00:37:39,6
1970-01-01 00:37:40,6
1970-01-01 00:37:41,5
1970-01-01 00:37:42,5
1970-01-01 00:37:43,7
1970-01-01 00:37:44,6
1970-01-01 00:37:45,6
1970-01-01 00:37:46,6
1970-01-01 00:37:47,6
1970-01-01 00:37:48,6
1970-01-01 00:37:49,5
1970-01-01 00:37:50,6
1970-01-01 00:37:51,6
1970-01-01 00:37:52,6
1970-01-01 00:37:53,6
1970-01-01 00:37:54,7
1970-01-01 00:37:55,6
1970-01-01 00:37:56,6
1970-01-01 00:37:57,6
1970-01-01 00:37:58,6
1970-01-01 00:37:59,6
1970-01-01 00:38:00,6
1970-01-01 00:38:01,5
1970-01-01 00:38:02,6
1970-01-01 00:38:03,4
1970-01-01 00:38:04,7
1970-01-01 00:38:05,5
1970-01-01 00:38:06,4
1970-01-01 00:38:07,5
1970-01-01 00:38:08,5
1970-01-01 00:38:09,5
1970-01-01 00:38:10,5
1970-01-01 00:38:11,5
1970-01-01 00:38:12,5
1970-01-01 00:38:13,6
1970-01-01 00:38:14,5
1970-01-01 00:38:15,6
1970-01-01 00:38:16,6
1970-01-01 00:38:17,5
1970-01-01 00:38:18,6
1970-01-01 00:38:19,7
1970-01-01 00:38:20,6
1970-01-01 00:38:21,6
1970-01-01 00:38:22,6
1970-01-01 00:38:23,6
1970-01-01 00:38:24,6
1970-01-01 00:38:25,5
1970-01-01 00:38:26,6
1970-01-01 00:38:27,5
1970-01-01 00:38:28,6
1970-01-01 00:38:29,5
1970-01-01 00:38:30,5
1970-01-01 00:38:31,5
1970-01-01 00:38:32,5
1970-01-01 00:38:33,7
1970-01-01 00:38:34,5
1970-01-01 00:38:35,5
1970-01-01 00:38:36,5
1970-01-01 00:38:37,4
1970-01-01 00:38:38,4
1970-01-01 00:38:39,4
1970-01-01 00:38:40,4
1970-01-01 00:38:41,4
1970-01-01 00:38:42,5
1970-01-01 00:38:43,5
1970-01-01 00:38:44,5
1970-01-01 00:38:45,5
1970-01-01 00:38:46,5
1970-01-01 00:38:47,5
1970-01-01 00:38:48,5
1970-01-01 00:38:49,5
1970-01-01 00:38:50,6
1970-01-01 00:38:51,6
1970-01-01 00:38:52,6
1970-01-01 00:38:53,6
1970-01-01 00:38:54,5
1970-01-01 00:38:55,5
1970-01-01 00:38:56,6
1970-01-01 00:38:57,5
1970-01-01 00:38:58,5
1970-01-01 00:38:59,5
1970-01-01 00:39:00,5
1970-01-01 00:39:01,4
1970-01-01 00:39:02,5
1970-01-01 00:39:03,5
1970-01-01 00:39:04,5
1970-01-01 00:39:05,6
1970-01-01 00:39:06,4
1970-01-01 00:39:07,5
1970-01-01 00:39:08,6
1970-01-01 00:39:09,5
1970-01-01 00:39:10,5
1970-01-01 00:39:11,6
1970-01-01 00:39:12,6
1970-01-01 00:39:13,6
1970-01-01 00:39:14,8
1970-01-01 00:39:15,6
1970-01-01 00:39:16,6
1970-01-01 00:39:17,6
1970-01-01 00:39:18,6
1970-01-01 00:39:19,6
1970-01-01 00:39:20,6
1970-01-01 00:39:21,6
1970-01-01 00:39:22,6
1970-01-01 00:39:23,6
1970-01-01 00:39:24,6
1970-01-01 00:39:25,6
1970-01-01 00:39:26,6
1970-01-01 00:39:27,6
1970-01-01 00:39:28,6
1970-01-01 00:39:29,6
1970-01-01 00:39:30,6
1970-01-01 00:39:31,6
1970-01-01 00:39:32,6
1970-01-01 00:39:33,6
1970-01-01 00:39:34,6
1970-01-01 00:39:35,6
1970-01-01 00:39:36,6
1970-01-01 00:39:37,6
1970-01-01 00:39:38,6
1970-01-01 00:39:39,6
1970-01-01 00:39:40,6
1970-01-01 00:39:41,6
1970-01-01 00:39:42,6
1970-01-01 00:39:43,6
1970-01-01 00:39:44,6
1970-01-01 00:39:45,5
1970-01-01 00:39:46,5
1970-01-01 00:39:47,5
1970-01-01 00:39:48,4
1970-01-01 00:39:49,4
1970-01-01 00:39:50,5
1970-01-01 00:39:51,5
1970-01-01 00:39:52,5
1970-01-01 00:39:53,5
1970-01-01 00:39:54,5
1970-01-01 00:39:55,5
1970-01-01 00:39:56,5
1970-01-01 00:39:57,5
1970-01-01 00:39:58,5
1970-01-01 00:39:59,4
1970-01-01 00:40:00,4
1970-01-01 00:40:01,4
1970-01-01 00:40:02,4
1970-01-01 00:40:03,4
1970-01-01 00:40:04,4
1970-01-01 00:40:05,4
1970-01-01 00:40:06,4
1970-01-01 00:40:07,4
1970-01-01 00:40:08,4
1970-01-01 00:40:09,4
1970-01-01 00:40:10,3
1970-01-01 00:40:11,2
1970-01-01 00:40:12,4
1970-01-01 00:40:13,3
1970-01-01 00:40:14,3
1970-01-01 00:40:15,4
1970-01-01 00:40:16,5
1970-01-01 00:40:17,4
1970-01-01 00:40:18,4
1970-01-01 00:40:19,5
1970-01-01 00:40:20,4
1970-01-01 00:40:21,4
1970-01-01 00:40:22,4
1970-01-01 00:40:23,4
1970-01-01 00:40:24,4
1970-01-01 00:40:25,4
1970-01-01 00:40:26,4
1970-01-01 00:40:27,4
1970-01-01 00:40:28,4
1970-01-01 00:40:29,4
1970-01-01 00:40:30,4
1970-01-01 00:40:31,4
1970-01-01 00:40:32,4
1970-01-01 00:40:33,4
1970-01-01 00:40:34,4
1970-01-01 00:40:35,4
1970-01-01 00:40:36,4
1970-01-01 00:40:37,5
1970-01-01 00:40:38,4
1970-01-01 00:40:39,4
1970-01-01 00:40:40,4
1970-01-01 00:40:41,5
1970-01-01 00:40:42,4
1970-01-01 00:40:43,4
1970-01-01 00:40:44,4
1970-01-01 00:40:45,3
1970-01-01 00:40:46,3
1970-01-01 00:40:47,3
1970-01-01 00:40:48,3
1970-01-01 00:40:49,3
1970-01-01 00:40:50,4
1970-01-01 00:40:51,4
1970-01-01 00:40:52,4
1970-01-01 00:40:53,5
1970-01-01 00:40:54,4
1970-01-01 00:40:55,5
1970-01-01 00:40:56,4
1970-01-01 00:40:57,4
1970-01-01 00:40:58,4
1970-01-01 00:40:59,4
1970-01-01 00:41:00,4
1970-01-01 00:41:01,4
1970-01-01 00:41:02,4
1970-01-01 00:41:03,4
1970-01-01 00:41:04,4
1970-01-01 00:41:05,4
1970-01-01 00:41:06,4
1970-01-01 00:41:07,4
1970-01-01 00:41:08,4
1970-01-01 00:41:09,4
1970-01-01 00:41:10,4
1970-01-01 00:41:11,4
1970-01-01 00:41:12,4
1970-01-01 00:41:13,4
1970-01-01 00:41:14,4
1970-01-01 00:41:15,4
1970-01-01 00:41:16,4
1970-01-01 00:41:17,5
1970-01-01 00:41:18,5
1970-01-01 00:41:19,5
1970-01-01 00:41:20,4
1970-01-01 00:41:21,5
1970-01-01 00:41:22,5
1970-01-01 00:41:23,5
1970-01-01 00:41:24,5
1970-01-01 00:41:25,5
1970-01-01 00:41:26,5
1970-01-01 00:41:27,5
1970-01-01 00:41:28,4
1970-01-01 00:41:29,5
1970-01-01 00:41:30,5
1970-01-01 00:41:31,5
1970-01-01 00:41:32,5
1970-01-01 00:41:33,5
1970-01-01 00:41:34,5
1970-01-01 00:41:35,5
1970-01-01 00:41:36,5
1970-01-01 00:41:37,3
1970-01-01 00:41:38,5
1970-01-01 00:41:39,5
1970-01-01 00:41:40,5
1970-01-01 00:41:41,5
1970-01-01 00:41:42,5
1970-01-01 00:41:43,3
1970-01-01 00:41:44,4
1970-01-01 00:41:45,4
1970-01-01 00:41:46,4
1970-01-01 00:41:47,4
1970-01-01 00:41:48,4
1970-01-01 00:41:49,4
1970-01-01 00:41:50,5
1970-01-01 00:41:51,5
1970-01-01 00:41:52,2
1970-01-01 00:41:53,4
1970-01-01 00:41:54,4
1970-01-01 00:41:55,3
1970-01-01 00:41:56,2
1970-01-01 00:41:57,3
1970-01-01 00:41:58,4
1970-01-01 00:41:59,3
1970-01-01 00:42:00,3
1970-01-01 00:42:01,3
1970-01-01 00:42:02,3
1970-01-01 00:42:03,4
1970-01-01 00:42:04,4
1970-01-01 00:42:05,4
1970-01-01 00:42:06,3
1970-01-01 00:42:07,4
1970-01-01 00:42:08,4
1970-01-01 00:42:09,5
1970-01-01 00:42:10,5
1970-01-01 00:42:11,5
1970-01-01 00:42:12,5
1970-01-01 00:42:13,5
1970-01-01 00:42:14,5
1970-01-01 00:42:15,4
1970-01-01 00:42:16,5
1970-01-01 00:42:17,4
1970-01-01 00:42:18,5
1970-01-01 00:42:19,4
1970-01-01 00:42:20,5
1970-01-01 00:42:21,4
1970-01-01 00:42:22,4
1970-01-01 00:42:23,5
1970-01-01 00:42:24,5
1970-01-01 00:42:25,2
1970-01-01 00:42:26,5
1970-01-01 00:42:27,5
1970-01-01 00:42:28,5
1970-01-01 00:42:29,5
1970-01-01 00:42:30,4
1970-01-01 00:42:31,4
1970-01-01 00:42:32,5
1970-01-01 00:42:33,5
1970-01-01 00:42:34,3
1970-01-01 00:42:35,5
1970-01-01 00:42:36,5
1970-01-01 00:42:37,5
1970-01-01 00:42:38,5
1970-01-01 00:42:39,5
1970-01-01 00:42:40,4
1970-01-01 00:42:41,4
1970-01-01 00:42:42,4
1970-01-01 00:42:43,4
1970-01-01 00:42:44,4
1970-01-01 00:42:45,4
1970-01-01 00:42:46,4
1970-01-01 00:42:47,4
1970-01-01 00:42:48,4
1970-01-01 00:42:49,5
1970-01-01 00:42:50,5
1970-01-01 00:42:51,4
1970-01-01 00:42:52,4
1970-01-01 00:42:53,4
1970-01-01 00:42:54,4
1970-01-01 00:42:55,4
1970-01-01 00:42:56,5
1970-01-01 00:42:57,5
1970-01-01 00:42:58,4
1970-01-01 00:42:59,4
1970-01-01 00:43:00,5
1970-01-01 00:43:01,4
1970-01-01 00:43:02,4
1970-01-01 00:43:03,4
1970-01-01 00:43:04,4
1970-01-01 00:43:05,4
1970-01-01 00:43:06,4
1970-01-01 00:43:07,4
1970-01-01 00:43:08,4
1970-01-01 00:43:09,4
1970-01-01 00:43:10,4
1970-01-01 00:43:11,4
1970-01-01 00:43:12,4
1970-01-01 00:43:13,4
1970-01-01 00:43:14,4
1970-01-01 00:43:15,4
1970-01-01 00:43:16,4
1970-01-01 00:43:17,4
1970-01-01 00:43:18,3
1970-01-01 00:43:19,4
1970-01-01 00:43:20,3
1970-01-01 00:43:21,3
1970-01-01 00:43:22,4
1970-01-01 00:43:23,4
1970-01-01 00:43:24,3
1970-01-01 00:43:25,3
1970-01-01 00:43:26,3
1970-01-01 00:43:27,3
1970-01-01 00:43:28,3
1970-01-01 00:43:29,3
1970-01-01 00:43:30,3
1970-01-01 00:43:31,4
1970-01-01 00:43:32,3
1970-01-01 00:43:33,3
1970-01-01 00:43:34,3
1970-01-01 00:43:35,4
1970-01-01 00:43:36,3
1970-01-01 00:43:37,3
1970-01-01 00:43:38,3
1970-01-01 00:43:39,3
1970-01-01 00:43:40,5
1970-01-01 00:43:41,4
1970-01-01 00:43:42,5
1970-01-01 00:43:43,4
1970-01-01 00:43:44,4
1970-01-01 00:43:45,4
1970-01-01 00:43:46,5
1970-01-01 00:43:47,4
1970-01-01 00:43:48,5
1970-01-01 00:43:49,4
1970-01-01 00:43:50,4
1970-01-01 00:43:51,4
1970-01-01 00:43:52,4
1970-01-01 00:43:53,4
1970-01-01 00:43:54,4
1970-01-01 00:43:55,4
1970-01-01 00:43:56,4
1970-01-01 00:43:57,4
1970-01-01 00:43:58,4
1970-01-01 00:43:59,4
1970-01-01 00:44:00,4
1970-01-01 00:44:01,4
1970-01-01 00:44:02,4
1970-01-01 00:44:03,5
1970-01-01 00:44:04,4
1970-01-01 00:44:05,6
1970-01-01 00:44:06,5
1970-01-01 00:44:07,5
1970-01-01 00:44:08,6
1970-01-01 00:44:09,5
1970-01-01 00:44:10,5
1970-01-01 00:44:11,5
1970-01-01 00:44:12,6
1970-01-01 00:44:13,6
1970-01-01 00:44:14,7
1970-01-01 00:44:15,6
1970-01-01 00:44:16,6
1970-01-01 00:44:17,7
1970-01-01 00:44:18,6
1970-01-01 00:44:19,6
1970-01-01 00:44:20,6
1970-01-01 00:44:21,6
1970-01-01 00:44:22,7
1970-01-01 00:44:23,4
1970-01-01 00:44:24,5
1970-01-01 00:44:25,7
1970-01-01 00:44:26,4
1970-01-01 00:44:27,5
1970-01-01 00:44:28,6
1970-01-01 00:44:29,4
1970-01-01 00:44:30,4
1970-01-01 00:44:31,4
1970-01-01 00:44:32,3
1970-01-01 00:44:33,5
1970-01-01 00:44:34,4
1970-01-01 00:44:35,4
1970-01-01 00:44:36,4
1970-01-01 00:44:37,5
1970-01-01 00:44:38,6
1970-01-01 00:44:39,6
1970-01-01 00:44:40,6
1970-01-01 00:44:41,7
1970-01-01 00:44:42,5
1970-01-01 00:44:43,5
1970-01-01 00:44:44,5
1970-01-01 00:44:45,4
1970-01-01 00:44:46,4
1970-01-01 00:44:47,4
1970-01-01 00:44:48,4
1970-01-01 00:44:49,4
1970-01-01 00:44:50,4
1970-01-01 00:44:51,4
1970-01-01 00:44:52,4
1970-01-01 00:44:53,4
1970-01-01 00:44:54,5
1970-01-01 00:44:55,4
1970-01-01 00:44:56,4
1970-01-01 00:44:57,4
1970-01-01 00:44:58,4
1970-01-01 00:44:59,4
1970-01-01 00:45:00,5
1970-01-01 00:45:01,5
1970-01-01 00:45:02,5
1970-01-01 00:45:03,5
1970-01-01 00:45:04,4
1970-01-01 00:45:05,5
1970-01-01 00:45:06,5
1970-01-01 00:45:07,5
1970-01-01 00:45:08,5
1970-01-01 00:45:09,5
1970-01-01 00:45:10,5
1970-01-01 00:45:11,5
1970-01-01 00:45:12,5
1970-01-01 00:45:13,5
1970-01-01 00:45:14,5
1970-01-01 00:45:15,5
1970-01-01 00:45:16,5
1970-01-01 00:45:17,5
1970-01-01 00:45:18,4
1970-01-01 00:45:19,4
1970-01-01 00:45:20,4
1970-01-01 00:45:21,4
1970-01-01 00:45:22,4
1970-01-01 00:45:23,4
1970-01-01 00:45:24,5
1970-01-01 00:45:25,5
1970-01-01 00:45:26,5
1970-01-01 00:45:27,5
1970-01-01 00:45:28,5
1970-01-01 00:45:29,5
1970-01-01 00:45:30,4
1970-01-01 00:45:31,5
1970-01-01 00:45:32,5
1970-01-01 00:45:33,5
1970-01-01 00:45:34,5
1970-01-01 00:45:35,5
1970-01-01 00:45:36,5
1970-01-01 00:45:37,5
1970-01-01 00:45:38,5
1970-01-01 00:45:39,5
1970-01-01 00:45:40,5
1970-01-01 00:45:41,5
1970-01-01 00:45:42,5
1970-01-01 00:45:43,5
1970-01-01 00:45:44,5
1970-01-01 00:45:45,5
1970-01-01 00:45:46,5
1970-01-01 00:45:47,5
1970-01-01 00:45:48,5
1970-01-01 00:45:49,5
1970-01-01 00:45:50,5
1970-01-01 00:45:51,5
1970-01-01 00:45:52,5
1970-01-01 00:45:53,4
1970-01-01 00:45:54,5
1970-01-01 00:45:55,4
1970-01-01 00:45:56,4
1970-01-01 00:45:57,5
1970-01-01 00:45:58,4
1970-01-01 00:45:59,4
1970-01-01 00:46:00,4
1970-01-01 00:46:01,4
1970-01-01 00:46:02,5
1970-01-01 00:46:03,4
1970-01-01 00:46:04,7
1970-01-01 00:46:05,4
1970-01-01 00:46:06,5
1970-01-01 00:46:07,5
1970-01-01 00:46:08,4
1970-01-01 00:46:09,4
1970-01-01 00:46:10,5
1970-01-01 00:46:11,6
1970-01-01 00:46:12,6
1970-01-01 00:46:13,4
1970-01-01 00:46:14,4
1970-01-01 00:46:15,4
1970-01-01 00:46:16,5
1970-01-01 00:46:17,5
1970-01-01 00:46:18,5
1970-01-01 00:46:19,5
1970-01-01 00:46:20,4
1970-01-01 00:46:21,3
1970-01-01 00:46:22,3
1970-01-01 00:46:23,4
1970-01-01 00:46:24,4
1970-01-01 00:46:25,3
1970-01-01 00:46:26,4
1970-01-01 00:46:27,4
1970-01-01 00:46:28,4
1970-01-01 00:46:29,4
1970-01-01 00:46:30,4
1970-01-01 00:46:31,3
1970-01-01 00:46:32,3
1970-01-01 00:46:33,4
1970-01-01 00:46:34,4
1970-01-01 00:46:35,3
1970-01-01 00:46:36,4
1970-01-01 00:46:37,4
1970-01-01 00:46:38,4
1970-01-01 00:46:39,4
1970-01-01 00:46:40,4
1970-01-01 00:46:41,4
1970-01-01 00:46:42,4
1970-01-01 00:46:43,4
1970-01-01 00:46:44,4
1970-01-01 00:46:45,3
1970-01-01 00:46:46,3
1970-01-01 00:46:47,3
1970-01-01 00:46:48,4
1970-01-01 00:46:49,4
1970-01-01 00:46:50,3
1970-01-01 00:46:51,4
1970-01-01 00:46:52,4
1970-01-01 00:46:53,3
1970-01-01 00:46:54,4
1970-01-01 00:46:55,4
1970-01-01 00:46:56,4
1970-01-01 00:46:57,4
1970-01-01 00:46:58,4
1970-01-01 00:46:59,4
1970-01-01 00:47:00,4
1970-01-01 00:47:01,4
1970-01-01 00:47:02,4
1970-01-01 00:47:03,4
1970-01-01 00:47:04,4
1970-01-01 00:47:05,4
1970-01-01 00:47:06,4
1970-01-01 00:47:07,3
1970-01-01 00:47:08,4
1970-01-01 00:47:09,4
1970-01-01 00:47:10,4
1970-01-01 00:47:11,4
1970-01-01 00:47:12,4
1970-01-01 00:47:13,4
1970-01-01 00:47:14,4
1970-01-01 00:47:15,5
1970-01-01 00:47:16,3
1970-01-01 00:47:17,4
1970-01-01 00:47:18,3
1970-01-01 00:47:19,4
1970-01-01 00:47:20,3
1970-01-01 00:47:21,4
1970-01-01 00:47:22,4
1970-01-01 00:47:23,4
1970-01-01 00:47:24,4
1970-01-01 00:47:25,4
1970-01-01 00:47:26,4
1970-01-01 00:47:27,4
1970-01-01 00:47:28,4
1970-01-01 00:47:29,4
1970-01-01 00:47:30,4
1970-01-01 00:47:31,4
1970-01-01 00:47:32,3
1970-01-01 00:47:33,3
1970-01-01 00:47:34,4
1970-01-01 00:47:35,4
1970-01-01 00:47:36,4
1970-01-01 00:47:37,4
1970-01-01 00:47:38,4
1970-01-01 00:47:39,4
1970-01-01 00:47:40,4
1970-01-01 00:47:41,4
1970-01-01 00:47:42,3
1970-01-01 00:47:43,4
1970-01-01 00:47:44,4
1970-01-01 00:47:45,4
1970-01-01 00:47:46,4
1970-01-01 00:47:47,4
1970-01-01 00:47:48,4
1970-01-01 00:47:49,3
1970-01-01 00:47:50,4
1970-01-01 00:47:51,3
1970-01-01 00:47:52,4
1970-01-01 00:47:53,3
1970-01-01 00:47:54,4
1970-01-01 00:47:55,4
1970-01-01 00:47:56,3
1970-01-01 00:47:57,4
1970-01-01 00:47:58,4
1970-01-01 00:47:59,4
1970-01-01 00:48:00,4
1970-01-01 00:48:01,4
1970-01-01 00:48:02,4
1970-01-01 00:48:03,4
1970-01-01 00:48:04,4
1970-01-01 00:48:05,4
1970-01-01 00:48:06,4
1970-01-01 00:48:07,4
1970-01-01 00:48:08,4
1970-01-01 00:48:09,4
1970-01-01 00:48:10,4
1970-01-01 00:48:11,4
1970-01-01 00:48:12,4
1970-01-01 00:48:13,5
1970-01-01 00:48:14,4
1970-01-01 00:48:15,4
1970-01-01 00:48:16,3
1970-01-01 00:48:17,4
1970-01-01 00:48:18,4
1970-01-01 00:48:19,3
1970-01-01 00:48:20,3
1970-01-01 00:48:21,3
1970-01-01 00:48:22,3
1970-01-01 00:48:23,3
1970-01-01 00:48:24,3
1970-01-01 00:48:25,3
1970-01-01 00:48:26,3
1970-01-01 00:48:27,3
1970-01-01 00:48:28,4
1970-01-01 00:48:29,3
1970-01-01 00:48:30,3
1970-01-01 00:48:31,3
1970-01-01 00:48:32,3
1970-01-01 00:48:33,3
1970-01-01 00:48:34,3
1970-01-01 00:48:35,3
1970-01-01 00:48:36,3
1970-01-01 00:48:37,3
1970-01-01 00:48:38,3
1970-01-01 00:48:39,3
1970-01-01 00:48:40,3
1970-01-01 00:48:41,3
1970-01-01 00:48:42,3
1970-01-01 00:48:43,3
1970-01-01 00:48:44,3
1970-01-01 00:48:45,3
1970-01-01 00:48:46,3
1970-01-01 00:48:47,3
1970-01-01 00:48:48,4
1970-01-01 00:48:49,3
1970-01-01 00:48:50,3
1970-01-01 00:48:51,4
1970-01-01 00:48:52,4
1970-01-01 00:48:53,4
1970-01-01 00:48:54,4
1970-01-01 00:48:55,4
1970-01-01 00:48:56,4
1970-01-01 00:48:57,3
1970-01-01 00:48:58,4
1970-01-01 00:48:59,4
1970-01-01 00:49:00,3
1970-01-01 00:49:01,3
1970-01-01 00:49:02,3
1970-01-01 00:49:03,3
1970-01-01 00:49:04,3
1970-01-01 00:49:05,3
1970-01-01 00:49:06,3
1970-01-01 00:49:07,3
1970-01-01 00:49:08,4
1970-01-01 00:49:09,3
1970-01-01 00:49:10,3
1970-01-01 00:49:11,3
1970-01-01 00:49:12,3
1970-01-01 00:49:13,3
1970-01-01 00:49:14,3
1970-01-01 00:49:15,3
1970-01-01 00:49:16,3
1970-01-01 00:49:17,3
1970-01-01 00:49:18,4
1970-01-01 00:49:19,4
1970-01-01 00:49:20,4
1970-01-01 00:49:21,4
1970-01-01 00:49:22,5
1970-01-01 00:49:23,4
1970-01-01 00:49:24,4
1970-01-01 00:49:25,4
1970-01-01 00:49:26,4
1970-01-01 00:49:27,4
1970-01-01 00:49:28,5
1970-01-01 00:49:29,4
1970-01-01 00:49:30,3
1970-01-01 00:49:31,4
1970-01-01 00:49:32,3
1970-01-01 00:49:33,4
1970-01-01 00:49:34,4
1970-01-01 00:49:35,3
1970-01-01 00:49:36,4
1970-01-01 00:49:37,3
1970-01-01 00:49:38,4
1970-01-01 00:49:39,4
1970-01-01 00:49:40,4
1970-01-01 00:49:41,3
1970-01-01 00:49:42,2
1970-01-01 00:49:43,3
1970-01-01 00:49:44,3
1970-01-01 00:49:45,3
1970-01-01 00:49:46,3
1970-01-01 00:49:47,3
1970-01-01 00:49:48,3
1970-01-01 00:49:49,4
1970-01-01 00:49:50,3
1970-01-01 00:49:51,3
1970-01-01 00:49:52,4
1970-01-01 00:49:53,4
1970-01-01 00:49:54,4
1970-01-01 00:49:55,4
1970-01-01 00:49:56,4
1970-01-01 00:49:57,4
1970-01-01 00:49:58,4
1970-01-01 00:49:59,3
1970-01-01 00:50:00,4
1970-01-01 00:50:01,4
1970-01-01 00:50:02,4
1970-01-01 00:50:03,3
1970-01-01 00:50:04,4
1970-01-01 00:50:05,4
1970-01-01 00:50:06,4
1970-01-01 00:50:07,4
1970-01-01 00:50:08,3
1970-01-01 00:50:09,4
1970-01-01 00:50:10,4
1970-01-01 00:50:11,5
1970-01-01 00:50:12,4
1970-01-01 00:50:13,4
1970-01-01 00:50:14,4
1970-01-01 00:50:15,5
1970-01-01 00:50:16,5
1970-01-01 00:50:17,5
1970-01-01 00:50:18,5
1970-01-01 00:50:19,5
1970-01-01 00:50:20,5
1970-01-01 00:50:21,4
1970-01-01 00:50:22,5
1970-01-01 00:50:23,5
1970-01-01 00:50:24,5
1970-01-01 00:50:25,5
1970-01-01 00:50:26,5
1970-01-01 00:50:27,5
1970-01-01 00:50:28,5
1970-01-01 00:50:29,5
1970-01-01 00:50:30,5
1970-01-01 00:50:31,5
1970-01-01 00:50:32,5
1970-01-01 00:50:33,5
1970-01-01 00:50:34,5
1970-01-01 00:50:35,5
1970-01-01 00:50:36,5
1970-01-01 00:50:37,5
1970-01-01 00:50:38,5
1970-01-01 00:50:39,5
1970-01-01 00:50:40,5
1970-01-01 00:50:41,5
1970-01-01 00:50:42,5
1970-01-01 00:50:43,5
1970-01-01 00:50:44,5
1970-01-01 00:50:45,5
1970-01-01 00:50:46,5
1970-01-01 00:50:47,5
1970-01-01 00:50:48,5
1970-01-01 00:50:49,5
1970-01-01 00:50:50,5
1970-01-01 00:50:51,5
1970-01-01 00:50:52,5
1970-01-01 00:50:53,5
1970-01-01 00:50:54,5
1970-01-01 00:50:55,5
1970-01-01 00:50:56,5
1970-01-01 00:50:57,5
1970-01-01 00:50:58,5
1970-01-01 00:50:59,5
1970-01-01 00:51:00,5
1970-01-01 00:51:01,5
1970-01-01 00:51:02,5
1970-01-01 00:51:03,5
1970-01-01 00:51:04,5
1970-01-01 00:51:05,5
1970-01-01 00:51:06,5
1970-01-01 00:51:07,4
1970-01-01 00:51:08,5
1970-01-01 00:51:09,4
1970-01-01 00:51:10,4
1970-01-01 00:51:11,4
1970-01-01 00:51:12,4
1970-01-01 00:51:13,4
1970-01-01 00:51:14,4
1970-01-01 00:51:15,4
1970-01-01 00:51:16,4
1970-01-01 00:51:17,4
1970-01-01 00:51:18,4
1970-01-01 00:51:19,4
1970-01-01 00:51:20,4
1970-01-01 00:51:21,4
1970-01-01 00:51:22,4
1970-01-01 00:51:23,4
1970-01-01 00:51:24,4
1970-01-01 00:51:25,4
1970-01-01 00:51:26,4
1970-01-01 00:51:27,4
1970-01-01 00:51:28,5
1970-01-01 00:51:29,4
1970-01-01 00:51:30,4
1970-01-01 00:51:31,4
1970-01-01 00:51:32,4
1970-01-01 00:51:33,4
1970-01-01 00:51:34,4
1970-01-01 00:51:35,4
1970-01-01 00:51:36,4
1970-01-01 00:51:37,4
1970-01-01 00:51:38,4
1970-01-01 00:51:39,4
1970-01-01 00:51:40,4
1970-01-01 00:51:41,4
1970-01-01 00:51:42,4
1970-01-01 00:51:43,4
1970-01-01 00:51:44,4
1970-01-01 00:51:45,4
1970-01-01 00:51:46,5
1970-01-01 00:51:47,5
1970-01-01 00:51:48,3
1970-01-01 00:51:49,4
1970-01-01 00:51:50,5
1970-01-01 00:51:51,5
1970-01-01 00:51:52,5
1970-01-01 00:51:53,4
1970-01-01 00:51:54,5
1970-01-01 00:51:55,5
1970-01-01 00:51:56,4
1970-01-01 00:51:57,5
1970-01-01 00:51:58,4
1970-01-01 00:51:59,4
1970-01-01 00:52:00,5
1970-01-01 00:52:01,5
1970-01-01 00:52:02,5
1970-01-01 00:52:03,5
1970-01-01 00:52:04,5
1970-01-01 00:52:05,5
1970-01-01 00:52:06,5
1970-01-01 00:52:07,5
1970-01-01 00:52:08,5
1970-01-01 00:52:09,5
1970-01-01 00:52:10,5
1970-01-01 00:52:11,5
1970-01-01 00:52:12,5
1970-01-01 00:52:13,5
1970-01-01 00:52:14,5
1970-01-01 00:52:15,5
1970-01-01 00:52:16,5
1970-01-01 00:52:17,5
1970-01-01 00:52:18,5
1970-01-01 00:52:19,5
1970-01-01 00:52:20,5
1970-01-01 00:52:21,6
1970-01-01 00:52:22,6
1970-01-01 00:52:23,6
1970-01-01 00:52:24,6
1970-01-01 00:52:25,6
1970-01-01 00:52:26,6
1970-01-01 00:52:27,6
1970-01-01 00:52:28,5
1970-01-01 00:52:29,6
1970-01-01 00:52:30,5
1970-01-01 00:52:31,5
1970-01-01 00:52:32,5
1970-01-01 00:52:33,5
1970-01-01 00:52:34,6
1970-01-01 00:52:35,5
1970-01-01 00:52:36,4
1970-01-01 00:52:37,4
1970-01-01 00:52:38,4
1970-01-01 00:52:39,4
1970-01-01 00:52:40,4
1970-01-01 00:52:41,4
1970-01-01 00:52:42,4
1970-01-01 00:52:43,3
1970-01-01 00:52:44,4
1970-01-01 00:52:45,4
1970-01-01 00:52:46,3
1970-01-01 00:52:47,4
1970-01-01 00:52:48,4
1970-01-01 00:52:49,4
1970-01-01 00:52:50,4
1970-01-01 00:52:51,4
1970-01-01 00:52:52,4
1970-01-01 00:52:53,4
1970-01-01 00:52:54,4
1970-01-01 00:52:55,4
1970-01-01 00:52:56,4
1970-01-01 00:52:57,4
1970-01-01 00:52:58,3
1970-01-01 00:52:59,4
1970-01-01 00:53:00,4
1970-01-01 00:53:01,4
1970-01-01 00:53:02,5
1970-01-01 00:53:03,5
1970-01-01 00:53:04,5
1970-01-01 00:53:05,5
1970-01-01 00:53:06,4
1970-01-01 00:53:07,5
1970-01-01 00:53:08,4
1970-01-01 00:53:09,6
1970-01-01 00:53:10,4
1970-01-01 00:53:11,5
1970-01-01 00:53:12,5
1970-01-01 00:53:13,6
1970-01-01 00:53:14,5
1970-01-01 00:53:15,5
1970-01-01 00:53:16,5
1970-01-01 00:53:17,5
1970-01-01 00:53:18,5
1970-01-01 00:53:19,6
1970-01-01 00:53:20,6
1970-01-01 00:53:21,5
1970-01-01 00:53:22,5
1970-01-01 00:53:23,5
1970-01-01 00:53:24,5
1970-01-01 00:53:25,5
1970-01-01 00:53:26,5
1970-01-01 00:53:27,5
1970-01-01 00:53:28,5
1970-01-01 00:53:29,5
1970-01-01 00:53:30,6
1970-01-01 00:53:31,5
1970-01-01 00:53:32,5
1970-01-01 00:53:33,5
1970-01-01 00:53:34,5
1970-01-01 00:53:35,5
1970-01-01 00:53:36,6
1970-01-01 00:53:37,7
1970-01-01 00:53:38,5
1970-01-01 00:53:39,5
1970-01-01 00:53:40,7
1970-01-01 00:53:41,5
1970-01-01 00:53:42,5
1970-01-01 00:53:43,5
1970-01-01 00:53:44,5
1970-01-01 00:53:45,5
1970-01-01 00:53:46,5
1970-01-01 00:53:47,5
1970-01-01 00:53:48,5
1970-01-01 00:53:49,5
1970-01-01 00:53:50,6
1970-01-01 00:53:51,6
1970-01-01 00:53:52,6
1970-01-01 00:53:53,5
1970-01-01 00:53:54,6
1970-01-01 00:53:55,6
1970-01-01 00:53:56,6
1970-01-01 00:53:57,6
1970-01-01 00:53:58,5
1970-01-01 00:53:59,5
1970-01-01 00:54:00,5
1970-01-01 00:54:01,5
1970-01-01 00:54:02,6
1970-01-01 00:54:03,5
1970-01-01 00:54:04,6
1970-01-01 00:54:05,6
1970-01-01 00:54:06,5
1970-01-01 00:54:07,6
1970-01-01 00:54:08,6
1970-01-01 00:54:09,6
1970-01-01 00:54:10,6
1970-01-01 00:54:11,6
1970-01-01 00:54:12,6
1970-01-01 00:54:13,6
1970-01-01 00:54:14,4
1970-01-01 00:54:15,5
1970-01-01 00:54:16,6
1970-01-01 00:54:17,6
1970-01-01 00:54:18,4
1970-01-01 00:54:19,6
1970-01-01 00:54:20,6
1970-01-01 00:54:21,6
1970-01-01 00:54:22,6
1970-01-01 00:54:23,6
1970-01-01 00:54:24,6
1970-01-01 00:54:25,6
1970-01-01 00:54:26,5
1970-01-01 00:54:27,5
1970-01-01 00:54:28,6
1970-01-01 00:54:29,5
1970-01-01 00:54:30,4
1970-01-01 00:54:31,6
1970-01-01 00:54:32,4
1970-01-01 00:54:33,4
1970-01-01 00:54:34,4
1970-01-01 00:54:35,4
1970-01-01 00:54:36,4
1970-01-01 00:54:37,4
1970-01-01 00:54:38,4
1970-01-01 00:54:39,4
1970-01-01 00:54:40,4
1970-01-01 00:54:41,3
1970-01-01 00:54:42,4
1970-01-01 00:54:43,5
1970-01-01 00:54:44,4
1970-01-01 00:54:45,4
1970-01-01 00:54:46,4
1970-01-01 00:54:47,3
1970-01-01 00:54:48,3
1970-01-01 00:54:49,4
1970-01-01 00:54:50,4
1970-01-01 00:54:51,4
1970-01-01 00:54:52,4
1970-01-01 00:54:53,4
1970-01-01 00:54:54,4
1970-01-01 00:54:55,4
1970-01-01 00:54:56,4
1970-01-01 00:54:57,4
1970-01-01 00:54:58,4
1970-01-01 00:54:59,3
1970-01-01 00:55:00,5
1970-01-01 00:55:01,4
1970-01-01 00:55:02,3
1970-01-01 00:55:03,5
1970-01-01 00:55:04,5
1970-01-01 00:55:05,4
1970-01-01 00:55:06,4
1970-01-01 00:55:07,4
1970-01-01 00:55:08,4
1970-01-01 00:55:09,5
1970-01-01 00:55:10,4
1970-01-01 00:55:11,4
1970-01-01 00:55:12,5
1970-01-01 00:55:13,5
1970-01-01 00:55:14,4
1970-01-01 00:55:15,5
1970-01-01 00:55:16,4
1970-01-01 00:55:17,5
1970-01-01 00:55:18,5
1970-01-01 00:55:19,4
1970-01-01 00:55:20,4
1970-01-01 00:55:21,5
1970-01-01 00:55:22,4
1970-01-01 00:55:23,4
1970-01-01 00:55:24,4
1970-01-01 00:55:25,5
1970-01-01 00:55:26,4
1970-01-01 00:55:27,4
1970-01-01 00:55:28,4
1970-01-01 00:55:29,4
1970-01-01 00:55:30,4
1970-01-01 00:55:31,4
1970-01-01 00:55:32,5
1970-01-01 00:55:33,4
1970-01-01 00:55:34,4
1970-01-01 00:55:35,4
1970-01-01 00:55:36,4
1970-01-01 00:55:37,4
1970-01-01 00:55:38,4
1970-01-01 00:55:39,4
1970-01-01 00:55:40,4
1970-01-01 00:55:41,4
1970-01-01 00:55:42,4
1970-01-01 00:55:43,4
1970-01-01 00:55:44,4
1970-01-01 00:55:45,4
1970-01-01 00:55:46,4
1970-01-01 00:55:47,4
1970-01-01 00:55:48,4
1970-01-01 00:55:49,4
1970-01-01 00:55:50,4
1970-01-01 00:55:51,4
1970-01-01 00:55:52,4
1970-01-01 00:55:53,4
1970-01-01 00:55:54,4
1970-01-01 00:55:55,4
1970-01-01 00:55:56,4
1970-01-01 00:55:57,4
1970-01-01 00:55:58,4
1970-01-01 00:55:59,5
1970-01-01 00:56:00,6
1970-01-01 00:56:01,6
1970-01-01 00:56:02,7
1970-01-01 00:56:03,7
1970-01-01 00:56:04,7
1970-01-01 00:56:05,7
1970-01-01 00:56:06,7
1970-01-01 00:56:07,7
1970-01-01 00:56:08,7
1970-01-01 00:56:09,7
1970-01-01 00:56:10,7
1970-01-01 00:56:11,7
1970-01-01 00:56:12,7
1970-01-01 00:56:13,7
1970-01-01 00:56:14,7
1970-01-01 00:56:15,7
1970-01-01 00:56:16,7
1970-01-01 00:56:17,7
1970-01-01 00:56:18,7
1970-01-01 00:56:19,7
1970-01-01 00:56:20,7
1970-01-01 00:56:21,7
1970-01-01 00:56:22,8
1970-01-01 00:56:23,8
1970-01-01 00:56:24,8
1970-01-01 00:56:25,9
1970-01-01 00:56:26,9
1970-01-01 00:56:27,10
1970-01-01 00:56:28,8
1970-01-01 00:56:29,7
1970-01-01 00:56:30,9
1970-01-01 00:56:31,8
1970-01-01 00:56:32,8
1970-01-01 00:56:33,7
1970-01-01 00:56:34,8
1970-01-01 00:56:35,8
1970-01-01 00:56:36,8
1970-01-01 00:56:37,8
1970-01-01 00:56:38,8
1970-01-01 00:56:39,8
1970-01-01 00:56:40,8
1970-01-01 00:56:41,8
1970-01-01 00:56:42,9
1970-01-01 00:56:43,8
1970-01-01 00:56:44,9
1970-01-01 00:56:45,7
1970-01-01 00:56:46,9
1970-01-01 00:56:47,8
1970-01-01 00:56:48,7
1970-01-01 00:56:49,8
1970-01-01 00:56:50,8
1970-01-01 00:56:51,9
1970-01-01 00:56:52,9
1970-01-01 00:56:53,8
1970-01-01 00:56:54,7
1970-01-01 00:56:55,8
1970-01-01 00:56:56,7
1970-01-01 00:56:57,7
1970-01-01 00:56:58,7
1970-01-01 00:56:59,8
1970-01-01 00:57:00,7
1970-01-01 00:57:01,7
1970-01-01 00:57:02,7
1970-01-01 00:57:03,7
1970-01-01 00:57:04,7
1970-01-01 00:57:05,7
1970-01-01 00:57:06,7
1970-01-01 00:57:07,7
1970-01-01 00:57:08,7
1970-01-01 00:57:09,7
1970-01-01 00:57:10,7
1970-01-01 00:57:11,7
1970-01-01 00:57:12,8
1970-01-01 00:57:13,7
1970-01-01 00:57:14,7
1970-01-01 00:57:15,9
1970-01-01 00:57:16,9
1970-01-01 00:57:17,9
1970-01-01 00:57:18,9
1970-01-01 00:57:19,8
1970-01-01 00:57:20,10
1970-01-01 00:57:21,8
1970-01-01 00:57:22,9
1970-01-01 00:57:23,10
1970-01-01 00:57:24,9
1970-01-01 00:57:25,8
1970-01-01 00:57:26,8
1970-01-01 00:57:27,8
1970-01-01 00:57:28,8
1970-01-01 00:57:29,10
1970-01-01 00:57:30,10
1970-01-01 00:57:31,8
1970-01-01 00:57:32,8
1970-01-01 00:57:33,7
1970-01-01 00:57:34,8
1970-01-01 00:57:35,6
1970-01-01 00:57:36,7
1970-01-01 00:57:37,7
1970-01-01 00:57:38,6
1970-01-01 00:57:39,7
1970-01-01 00:57:40,8
1970-01-01 00:57:41,7
1970-01-01 00:57:42,5
1970-01-01 00:57:43,6
1970-01-01 00:57:44,6
1970-01-01 00:57:45,4
1970-01-01 00:57:46,3
1970-01-01 00:57:47,5
1970-01-01 00:57:48,5
1970-01-01 00:57:49,4
1970-01-01 00:57:50,4
1970-01-01 00:57:51,5
1970-01-01 00:57:52,4
1970-01-01 00:57:53,4
1970-01-01 00:57:54,5
1970-01-01 00:57:55,4
1970-01-01 00:57:56,5
1970-01-01 00:57:57,5
1970-01-01 00:57:58,5
1970-01-01 00:57:59,5
1970-01-01 00:58:00,4
1970-01-01 00:58:01,4
1970-01-01 00:58:02,5
1970-01-01 00:58:03,5
1970-01-01 00:58:04,4
1970-01-01 00:58:05,4
1970-01-01 00:58:06,4
1970-01-01 00:58:07,5
1970-01-01 00:58:08,6
1970-01-01 00:58:09,6
1970-01-01 00:58:10,6
1970-01-01 00:58:11,6
1970-01-01 00:58:12,6
1970-01-01 00:58:13,5
1970-01-01 00:58:14,5
1970-01-01 00:58:15,5
1970-01-01 00:58:16,6
1970-01-01 00:58:17,6
1970-01-01 00:58:18,6
1970-01-01 00:58:19,7
1970-01-01 00:58:20,8
1970-01-01 00:58:21,7
1970-01-01 00:58:22,7
1970-01-01 00:58:23,8
1970-01-01 00:58:24,7
1970-01-01 00:58:25,6
1970-01-01 00:58:26,5
1970-01-01 00:58:27,5
1970-01-01 00:58:28,8
1970-01-01 00:58:29,6
1970-01-01 00:58:30,6
1970-01-01 00:58:31,7
1970-01-01 00:58:32,6
1970-01-01 00:58:33,4
1970-01-01 00:58:34,6
1970-01-01 00:58:35,7
1970-01-01 00:58:36,7
1970-01-01 00:58:37,7
1970-01-01 00:58:38,8
1970-01-01 00:58:39,7
1970-01-01 00:58:40,7
1970-01-01 00:58:41,7
1970-01-01 00:58:42,7
1970-01-01 00:58:43,6
1970-01-01 00:58:44,7
1970-01-01 00:58:45,7
1970-01-01 00:58:46,6
1970-01-01 00:58:47,6
1970-01-01 00:58:48,5
1970-01-01 00:58:49,6
1970-01-01 00:58:50,5
1970-01-01 00:58:51,5
1970-01-01 00:58:52,5
1970-01-01 00:58:53,5
1970-01-01 00:58:54,5
1970-01-01 00:58:55,5
1970-01-01 00:58:56,5
1970-01-01 00:58:57,5
1970-01-01 00:58:58,5
1970-01-01 00:58:59,5
1970-01-01 00:59:00,5
1970-01-01 00:59:01,4
1970-01-01 00:59:02,5
1970-01-01 00:59:03,5
1970-01-01 00:59:04,5
1970-01-01 00:59:05,5
1970-01-01 00:59:06,5
1970-01-01 00:59:07,4
1970-01-01 00:59:08,5
1970-01-01 00:59:09,5
1970-01-01 00:59:10,5
1970-01-01 00:59:11,5
1970-01-01 00:59:12,5
1970-01-01 00:59:13,4
1970-01-01 00:59:14,5
1970-01-01 00:59:15,4
1970-01-01 00:59:16,4
1970-01-01 00:59:17,4
1970-01-01 00:59:18,3
1970-01-01 00:59:19,4
1970-01-01 00:59:20,5
1970-01-01 00:59:21,4
1970-01-01 00:59:22,5
1970-01-01 00:59:23,5
1970-01-01 00:59:24,6
1970-01-01 00:59:25,6
1970-01-01 00:59:26,7
1970-01-01 00:59:27,7
1970-01-01 00:59:28,7
1970-01-01 00:59:29,6
1970-01-01 00:59:30,7
1970-01-01 00:59:31,7
1970-01-01 00:59:32,7
1970-01-01 00:59:33,6
1970-01-01 00:59:34,9
1970-01-01 00:59:35,6
1970-01-01 00:59:36,6
1970-01-01 00:59:37,5
1970-01-01 00:59:38,6
1970-01-01 00:59:39,7
1970-01-01 00:59:40,7
1970-01-01 00:59:41,7
1970-01-01 00:59:42,7
1970-01-01 00:59:43,8
1970-01-01 00:59:44,7
1970-01-01 00:59:45,7
1970-01-01 00:59:46,8
1970-01-01 00:59:47,7
1970-01-01 00:59:48,9
1970-01-01 00:59:49,8
1970-01-01 00:59:50,8
1970-01-01 00:59:51,8
1970-01-01 00:59:52,8
1970-01-01 00:59:53,8
1970-01-01 00:59:54,8
1970-01-01 00:59:55,7
1970-01-01 00:59:56,8
1970-01-01 00:59:57,7
1970-01-01 00:59:58,7
1970-01-01 00:59:59,8
1970-01-01 01:00:00,9
1970-01-01 01:00:01,10
1970-01-01 01:00:02,9
1970-01-01 01:00:03,10
1970-01-01 01:00:04,9
1970-01-01 01:00:05,8
1970-01-01 01:00:06,9
1970-01-01 01:00:07,9
1970-01-01 01:00:08,8
1970-01-01 01:00:09,9
1970-01-01 01:00:10,8
1970-01-01 01:00:11,8
1970-01-01 01:00:12,9
1970-01-01 01:00:13,8
1970-01-01 01:00:14,9
1970-01-01 01:00:15,9
1970-01-01 01:00:16,9
1970-01-01 01:00:17,9
1970-01-01 01:00:18,9
1970-01-01 01:00:19,10
1970-01-01 01:00:20,8
1970-01-01 01:00:21,9
1970-01-01 01:00:22,9
1970-01-01 01:00:23,9
1970-01-01 01:00:24,9
1970-01-01 01:00:25,9
1970-01-01 01:00:26,9
1970-01-01 01:00:27,9
1970-01-01 01:00:28,8
1970-01-01 01:00:29,8
1970-01-01 01:00:30,8
1970-01-01 01:00:31,9
1970-01-01 01:00:32,7
1970-01-01 01:00:33,8
1970-01-01 01:00:34,9
1970-01-01 01:00:35,8
1970-01-01 01:00:36,8
1970-01-01 01:00:37,9
1970-01-01 01:00:38,8
1970-01-01 01:00:39,8
1970-01-01 01:00:40,8
1970-01-01 01:00:41,8
1970-01-01 01:00:42,8
1970-01-01 01:00:43,9
1970-01-01 01:00:44,9
1970-01-01 01:00:45,9
1970-01-01 01:00:46,9
1970-01-01 01:00:47,9
1970-01-01 01:00:48,9
1970-01-01 01:00:49,9
1970-01-01 01:00:50,9
1970-01-01 01:00:51,9
1970-01-01 01:00:52,9
1970-01-01 01:00:53,9
1970-01-01 01:00:54,9
1970-01-01 01:00:55,9
1970-01-01 01:00:56,9
1970-01-01 01:00:57,8
1970-01-01 01:00:58,9
1970-01-01 01:00:59,9
1970-01-01 01:01:00,7
1970-01-01 01:01:01,8
1970-01-01 01:01:02,8
1970-01-01 01:01:03,8
1970-01-01 01:01:04,8
1970-01-01 01:01:05,8
1970-01-01 01:01:06,7
1970-01-01 01:01:07,8
1970-01-01 01:01:08,7
1970-01-01 01:01:09,7
1970-01-01 01:01:10,7
1970-01-01 01:01:11,7
1970-01-01 01:01:12,7
1970-01-01 01:01:13,7
1970-01-01 01:01:14,7
1970-01-01 01:01:15,8
1970-01-01 01:01:16,8
1970-01-01 01:01:17,8
1970-01-01 01:01:18,9
1970-01-01 01:01:19,8
1970-01-01 01:01:20,10
1970-01-01 01:01:21,8
1970-01-01 01:01:22,9
1970-01-01 01:01:23,10
1970-01-01 01:01:24,8
1970-01-01 01:01:25,9
1970-01-01 01:01:26,8
1970-01-01 01:01:27,9
1970-01-01 01:01:28,7
1970-01-01 01:01:29,7
1970-01-01 01:01:30,7
1970-01-01 01:01:31,6
1970-01-01 01:01:32,5
1970-01-01 01:01:33,5
1970-01-01 01:01:34,5
1970-01-01 01:01:35,4
1970-01-01 01:01:36,4
1970-01-01 01:01:37,5
1970-01-01 01:01:38,7
1970-01-01 01:01:39,6
1970-01-01 01:01:40,6
1970-01-01 01:01:41,5
1970-01-01 01:01:42,5
1970-01-01 01:01:43,7
1970-01-01 01:01:44,6
1970-01-01 01:01:45,6
1970-01-01 01:01:46,7
1970-01-01 01:01:47,8
1970-01-01 01:01:48,7
1970-01-01 01:01:49,5
1970-01-01 01:01:50,6
1970-01-01 01:01:51,7
1970-01-01 01:01:52,6
1970-01-01 01:01:53,5
1970-01-01 01:01:54,6
1970-01-01 01:01:55,5
1970-01-01 01:01:56,5
1970-01-01 01:01:57,4
1970-01-01 01:01:58,4
1970-01-01 01:01:59,3
1970-01-01 01:02:00,4
1970-01-01 01:02:01,4
1970-01-01 01:02:02,5
1970-01-01 01:02:03,5
1970-01-01 01:02:04,6
1970-01-01 01:02:05,5
1970-01-01 01:02:06,5
1970-01-01 01:02:07,5
1970-01-01 01:02:08,6
1970-01-01 01:02:09,5
1970-01-01 01:02:10,6
1970-01-01 01:02:11,5
1970-01-01 01:02:12,5
1970-01-01 01:02:13,5
1970-01-01 01:02:14,6
1970-01-01 01:02:15,6
1970-01-01 01:02:16,5
1970-01-01 01:02:17,5
1970-01-01 01:02:18,6
1970-01-01 01:02:19,5
1970-01-01 01:02:20,5
1970-01-01 01:02:21,5
1970-01-01 01:02:22,5
1970-01-01 01:02:23,5
1970-01-01 01:02:24,5
1970-01-01 01:02:25,5
1970-01-01 01:02:26,5
1970-01-01 01:02:27,5
1970-01-01 01:02:28,5
1970-01-01 01:02:29,5
1970-01-01 01:02:30,6
1970-01-01 01:02:31,5
1970-01-01 01:02:32,5
1970-01-01 01:02:33,5
1970-01-01 01:02:34,6
1970-01-01 01:02:35,6
1970-01-01 01:02:36,6
1970-01-01 01:02:37,5
1970-01-01 01:02:38,6
1970-01-01 01:02:39,8
1970-01-01 01:02:40,8
1970-01-01 01:02:41,9
1970-01-01 01:02:42,9
1970-01-01 01:02:43,9
1970-01-01 01:02:44,9
1970-01-01 01:02:45,9
1970-01-01 01:02:46,8
1970-01-01 01:02:47,7
1970-01-01 01:02:48,9
1970-01-01 01:02:49,8
1970-01-01 01:02:50,9
1970-01-01 01:02:51,11
1970-01-01 01:02:52,9
1970-01-01 01:02:53,8
1970-01-01 01:02:54,9
1970-01-01 01:02:55,8
1970-01-01 01:02:56,9
1970-01-01 01:02:57,8
1970-01-01 01:02:58,8
1970-01-01 01:02:59,6
1970-01-01 01:03:00,7
1970-01-01 01:03:01,8
1970-01-01 01:03:02,6
1970-01-01 01:03:03,7
1970-01-01 01:03:04,9
1970-01-01 01:03:05,8
1970-01-01 01:03:06,8
1970-01-01 01:03:07,10
1970-01-01 01:03:08,9
1970-01-01 01:03:09,9
1970-01-01 01:03:10,7
1970-01-01 01:03:11,8
1970-01-01 01:03:12,9
1970-01-01 01:03:13,8
1970-01-01 01:03:14,8
1970-01-01 01:03:15,8
1970-01-01 01:03:16,8
1970-01-01 01:03:17,9
1970-01-01 01:03:18,10
1970-01-01 01:03:19,11
1970-01-01 01:03:20,10
1970-01-01 01:03:21,10
1970-01-01 01:03:22,10
1970-01-01 01:03:23,11
1970-01-01 01:03:24,11
1970-01-01 01:03:25,10
1970-01-01 01:03:26,10
1970-01-01 01:03:27,9
1970-01-01 01:03:28,8
1970-01-01 01:03:29,8
1970-01-01 01:03:30,8
1970-01-01 01:03:31,7
1970-01-01 01:03:32,6
1970-01-01 01:03:33,6
1970-01-01 01:03:34,6
1970-01-01 01:03:35,7
1970-01-01 01:03:36,7
1970-01-01 01:03:37,6
1970-01-01 01:03:38,7
1970-01-01 01:03:39,6
1970-01-01 01:03:40,6
1970-01-01 01:03:41,6
1970-01-01 01:03:42,8
1970-01-01 01:03:43,8
1970-01-01 01:03:44,8
1970-01-01 01:03:45,8
1970-01-01 01:03:46,8
1970-01-01 01:03:47,8
1970-01-01 01:03:48,8
1970-01-01 01:03:49,9
1970-01-01 01:03:50,7
1970-01-01 01:03:51,7
1970-01-01 01:03:52,7
1970-01-01 01:03:53,7
1970-01-01 01:03:54,7
1970-01-01 01:03:55,7
1970-01-01 01:03:56,7
1970-01-01 01:03:57,7
1970-01-01 01:03:58,7
1970-01-01 01:03:59,7
1970-01-01 01:04:00,7
1970-01-01 01:04:01,6
1970-01-01 01:04:02,7
1970-01-01 01:04:03,6
1970-01-01 01:04:04,6
1970-01-01 01:04:05,6
1970-01-01 01:04:06,8
1970-01-01 01:04:07,8
1970-01-01 01:04:08,8
1970-01-01 01:04:09,8
1970-01-01 01:04:10,9
1970-01-01 01:04:11,8
1970-01-01 01:04:12,9
1970-01-01 01:04:13,7
1970-01-01 01:04:14,7
1970-01-01 01:04:15,6
1970-01-01 01:04:16,7
1970-01-01 01:04:17,7
1970-01-01 01:04:18,6
1970-01-01 01:04:19,6
1970-01-01 01:04:20,6
1970-01-01 01:04:21,6
1970-01-01 01:04:22,6
1970-01-01 01:04:23,7
1970-01-01 01:04:24,8
1970-01-01 01:04:25,6
1970-01-01 01:04:26,8
1970-01-01 01:04:27,7
1970-01-01 01:04:28,7
1970-01-01 01:04:29,7
1970-01-01 01:04:30,7
1970-01-01 01:04:31,7
1970-01-01 01:04:32,7
1970-01-01 01:04:33,7
1970-01-01 01:04:34,8
1970-01-01 01:04:35,8
1970-01-01 01:04:36,8
1970-01-01 01:04:37,9
1970-01-01 01:04:38,7
1970-01-01 01:04:39,7
1970-01-01 01:04:40,8
1970-01-01 01:04:41,7
1970-01-01 01:04:42,7
1970-01-01 01:04:43,8
1970-01-01 01:04:44,7
1970-01-01 01:04:45,8
1970-01-01 01:04:46,9
1970-01-01 01:04:47,8
1970-01-01 01:04:48,8
1970-01-01 01:04:49,8
1970-01-01 01:04:50,8
1970-01-01 01:04:51,8
1970-01-01 01:04:52,8
1970-01-01 01:04:53,8
1970-01-01 01:04:54,8
1970-01-01 01:04:55,9
1970-01-01 01:04:56,8
1970-01-01 01:04:57,9
1970-01-01 01:04:58,9
1970-01-01 01:04:59,8
1970-01-01 01:05:00,8
1970-01-01 01:05:01,9
1970-01-01 01:05:02,9
1970-01-01 01:05:03,8
1970-01-01 01:05:04,9
1970-01-01 01:05:05,8
1970-01-01 01:05:06,7
1970-01-01 01:05:07,7
1970-01-01 01:05:08,6
1970-01-01 01:05:09,7
1970-01-01 01:05:10,8
1970-01-01 01:05:11,9
1970-01-01 01:05:12,5
1970-01-01 01:05:13,6
1970-01-01 01:05:14,6
1970-01-01 01:05:15,6
1970-01-01 01:05:16,7
1970-01-01 01:05:17,7
1970-01-01 01:05:18,9
1970-01-01 01:05:19,8
1970-01-01 01:05:20,8
1970-01-01 01:05:21,8
1970-01-01 01:05:22,7
1970-01-01 01:05:23,6
1970-01-01 01:05:24,7
1970-01-01 01:05:25,6
1970-01-01 01:05:26,6
1970-01-01 01:05:27,6
1970-01-01 01:05:28,7
1970-01-01 01:05:29,6
1970-01-01 01:05:30,6
1970-01-01 01:05:31,7
1970-01-01 01:05:32,7
1970-01-01 01:05:33,6
1970-01-01 01:05:34,7
1970-01-01 01:05:35,7
1970-01-01 01:05:36,6
1970-01-01 01:05:37,7
1970-01-01 01:05:38,6
1970-01-01 01:05:39,6
1970-01-01 01:05:40,6
1970-01-01 01:05:41,7
1970-01-01 01:05:42,7
1970-01-01 01:05:43,7
1970-01-01 01:05:44,7
1970-01-01 01:05:45,7
1970-01-01 01:05:46,7
1970-01-01 01:05:47,7
1970-01-01 01:05:48,7
1970-01-01 01:05:49,7
1970-01-01 01:05:50,7
1970-01-01 01:05:51,7
1970-01-01 01:05:52,7
1970-01-01 01:05:53,7
1970-01-01 01:05:54,7
1970-01-01 01:05:55,5
1970-01-01 01:05:56,5
1970-01-01 01:05:57,5
1970-01-01 01:05:58,5
1970-01-01 01:05:59,7
1970-01-01 01:06:00,7
1970-01-01 01:06:01,6
1970-01-01 01:06:02,5
1970-01-01 01:06:03,7
1970-01-01 01:06:04,6
1970-01-01 01:06:05,6
1970-01-01 01:06:06,5
1970-01-01 01:06:07,5
1970-01-01 01:06:08,5
1970-01-01 01:06:09,5
1970-01-01 01:06:10,5
1970-01-01 01:06:11,4
1970-01-01 01:06:12,4
1970-01-01 01:06:13,5
1970-01-01 01:06:14,6
1970-01-01 01:06:15,6
1970-01-01 01:06:16,5
1970-01-01 01:06:17,5
1970-01-01 01:06:18,5
1970-01-01 01:06:19,5
1970-01-01 01:06:20,5
1970-01-01 01:06:21,7
1970-01-01 01:06:22,6
1970-01-01 01:06:23,8
1970-01-01 01:06:24,8
1970-01-01 01:06:25,10
1970-01-01 01:06:26,11
1970-01-01 01:06:27,11
1970-01-01 01:06:28,11
1970-01-01 01:06:29,10
1970-01-01 01:06:30,10
1970-01-01 01:06:31,9
1970-01-01 01:06:32,10
1970-01-01 01:06:33,9
1970-01-01 01:06:34,10
1970-01-01 01:06:35,11
1970-01-01 01:06:36,11
1970-01-01 01:06:37,10
1970-01-01 01:06:38,10
1970-01-01 01:06:39,10
1970-01-01 01:06:40,10
1970-01-01 01:06:41,9
1970-01-01 01:06:42,10
1970-01-01 01:06:43,9
1970-01-01 01:06:44,11
1970-01-01 01:06:45,9
1970-01-01 01:06:46,10
1970-01-01 01:06:47,9
1970-01-01 01:06:48,9
1970-01-01 01:06:49,9
1970-01-01 01:06:50,10
1970-01-01 01:06:51,8
1970-01-01 01:06:52,9
1970-01-01 01:06:53,10
1970-01-01 01:06:54,9
1970-01-01 01:06:55,9
1970-01-01 01:06:56,9
1970-01-01 01:06:57,9
1970-01-01 01:06:58,9
1970-01-01 01:06:59,9
1970-01-01 01:07:00,8
1970-01-01 01:07:01,10
1970-01-01 01:07:02,11
1970-01-01 01:07:03,9
1970-01-01 01:07:04,9
1970-01-01 01:07:05,9
1970-01-01 01:07:06,9
1970-01-01 01:07:07,9
1970-01-01 01:07:08,10
1970-01-01 01:07:09,10
1970-01-01 01:07:10,10
1970-01-01 01:07:11,11
1970-01-01 01:07:12,10
1970-01-01 01:07:13,10
1970-01-01 01:07:14,11
1970-01-01 01:07:15,11
1970-01-01 01:07:16,9
1970-01-01 01:07:17,11
1970-01-01 01:07:18,11
1970-01-01 01:07:19,9
1970-01-01 01:07:20,10
1970-01-01 01:07:21,7
1970-01-01 01:07:22,11
1970-01-01 01:07:23,9
1970-01-01 01:07:24,9
1970-01-01 01:07:25,9
1970-01-01 01:07:26,8
1970-01-01 01:07:27,9
1970-01-01 01:07:28,9
1970-01-01 01:07:29,9
1970-01-01 01:07:30,10
1970-01-01 01:07:31,11
1970-01-01 01:07:32,12
1970-01-01 01:07:33,10
1970-01-01 01:07:34,10
1970-01-01 01:07:35,10
1970-01-01 01:07:36,10
1970-01-01 01:07:37,9
1970-01-01 01:07:38,9
1970-01-01 01:07:39,9
1970-01-01 01:07:40,9
1970-01-01 01:07:41,12
1970-01-01 01:07:42,9
1970-01-01 01:07:43,9
1970-01-01 01:07:44,10
1970-01-01 01:07:45,9
1970-01-01 01:07:46,8
1970-01-01 01:07:47,9
1970-01-01 01:07:48,9
1970-01-01 01:07:49,10
1970-01-01 01:07:50,10
1970-01-01 01:07:51,9
1970-01-01 01:07:52,9
1970-01-01 01:07:53,10
1970-01-01 01:07:54,9
1970-01-01 01:07:55,9
1970-01-01 01:07:56,9
1970-01-01 01:07:57,7
1970-01-01 01:07:58,9
1970-01-01 01:07:59,7
1970-01-01 01:08:00,7
1970-01-01 01:08:01,6
1970-01-01 01:08:02,6
1970-01-01 01:08:03,5
1970-01-01 01:08:04,6
1970-01-01 01:08:05,6
1970-01-01 01:08:06,7
1970-01-01 01:08:07,6
1970-01-01 01:08:08,6
1970-01-01 01:08:09,5
1970-01-01 01:08:10,5
1970-01-01 01:08:11,5
1970-01-01 01:08:12,3
1970-01-01 01:08:13,4
1970-01-01 01:08:14,5
1970-01-01 01:08:15,6
1970-01-01 01:08:16,6
1970-01-01 01:08:17,5
1970-01-01 01:08:18,6
1970-01-01 01:08:19,5
1970-01-01 01:08:20,5
1970-01-01 01:08:21,5
1970-01-01 01:08:22,6
1970-01-01 01:08:23,6
1970-01-01 01:08:24,7
1970-01-01 01:08:25,6
1970-01-01 01:08:26,6
1970-01-01 01:08:27,6
1970-01-01 01:08:28,5
1970-01-01 01:08:29,5
1970-01-01 01:08:30,4
1970-01-01 01:08:31,5
1970-01-01 01:08:32,6
1970-01-01 01:08:33,5
1970-01-01 01:08:34,5
1970-01-01 01:08:35,4
1970-01-01 01:08:36,4
1970-01-01 01:08:37,4
1970-01-01 01:08:38,4
1970-01-01 01:08:39,4
1970-01-01 01:08:40,4
1970-01-01 01:08:41,5
1970-01-01 01:08:42,4
1970-01-01 01:08:43,4
1970-01-01 01:08:44,4
1970-01-01 01:08:45,5
1970-01-01 01:08:46,4
1970-01-01 01:08:47,4
1970-01-01 01:08:48,5
1970-01-01 01:08:49,4
1970-01-01 01:08:50,4
1970-01-01 01:08:51,4
1970-01-01 01:08:52,4
1970-01-01 01:08:53,5
1970-01-01 01:08:54,5
1970-01-01 01:08:55,5
1970-01-01 01:08:56,4
1970-01-01 01:08:57,5
1970-01-01 01:08:58,4
1970-01-01 01:08:59,6
1970-01-01 01:09:00,7
1970-01-01 01:09:01,6
1970-01-01 01:09:02,7
1970-01-01 01:09:03,6
1970-01-01 01:09:04,7
1970-01-01 01:09:05,6
1970-01-01 01:09:06,7
1970-01-01 01:09:07,6
1970-01-01 01:09:08,8
1970-01-01 01:09:09,4
1970-01-01 01:09:10,6
1970-01-01 01:09:11,6
1970-01-01 01:09:12,6
1970-01-01 01:09:13,7
1970-01-01 01:09:14,6
1970-01-01 01:09:15,4
1970-01-01 01:09:16,6
1970-01-01 01:09:17,8
1970-01-01 01:09:18,8
1970-01-01 01:09:19,8
1970-01-01 01:09:20,8
1970-01-01 01:09:21,9
1970-01-01 01:09:22,8
1970-01-01 01:09:23,8
1970-01-01 01:09:24,7
1970-01-01 01:09:25,8
1970-01-01 01:09:26,7
1970-01-01 01:09:27,7
1970-01-01 01:09:28,7
1970-01-01 01:09:29,8
1970-01-01 01:09:30,7
1970-01-01 01:09:31,7
1970-01-01 01:09:32,6
1970-01-01 01:09:33,6
1970-01-01 01:09:34,5
1970-01-01 01:09:35,5
1970-01-01 01:09:36,6
1970-01-01 01:09:37,5
1970-01-01 01:09:38,5
1970-01-01 01:09:39,5
1970-01-01 01:09:40,5
1970-01-01 01:09:41,6
1970-01-01 01:09:42,6
1970-01-01 01:09:43,6
1970-01-01 01:09:44,7
1970-01-01 01:09:45,7
1970-01-01 01:09:46,7
1970-01-01 01:09:47,6
1970-01-01 01:09:48,7
1970-01-01 01:09:49,6
1970-01-01 01:09:50,6
1970-01-01 01:09:51,5
1970-01-01 01:09:52,5
1970-01-01 01:09:53,5
1970-01-01 01:09:54,5
1970-01-01 01:09:55,5
1970-01-01 01:09:56,5
1970-01-01 01:09:57,5
1970-01-01 01:09:58,5
1970-01-01 01:09:59,6
1970-01-01 01:10:00,5
1970-01-01 01:10:01,5
1970-01-01 01:10:02,5
1970-01-01 01:10:03,6
1970-01-01 01:10:04,5
1970-01-01 01:10:05,5
1970-01-01 01:10:06,5
1970-01-01 01:10:07,6
1970-01-01 01:10:08,6
1970-01-01 01:10:09,6
1970-01-01 01:10:10,7
1970-01-01 01:10:11,7
1970-01-01 01:10:12,6
1970-01-01 01:10:13,5
1970-01-01 01:10:14,6
1970-01-01 01:10:15,7
1970-01-01 01:10:16,7
1970-01-01 01:10:17,7
1970-01-01 01:10:18,6
1970-01-01 01:10:19,8
1970-01-01 01:10:20,8
1970-01-01 01:10:21,7
1970-01-01 01:10:22,7
1970-01-01 01:10:23,8
1970-01-01 01:10:24,7
1970-01-01 01:10:25,8
1970-01-01 01:10:26,8
1970-01-01 01:10:27,8
1970-01-01 01:10:28,8
1970-01-01 01:10:29,9
1970-01-01 01:10:30,8
1970-01-01 01:10:31,7
1970-01-01 01:10:32,8
1970-01-01 01:10:33,7
1970-01-01 01:10:34,8
1970-01-01 01:10:35,7
1970-01-01 01:10:36,7
1970-01-01 01:10:37,7
1970-01-01 01:10:38,8
1970-01-01 01:10:39,7
1970-01-01 01:10:40,7
1970-01-01 01:10:41,7
1970-01-01 01:10:42,8
1970-01-01 01:10:43,7
1970-01-01 01:10:44,7
1970-01-01 01:10:45,7
1970-01-01 01:10:46,7
1970-01-01 01:10:47,7
1970-01-01 01:10:48,7
1970-01-01 01:10:49,7
1970-01-01 01:10:50,7
1970-01-01 01:10:51,7
1970-01-01 01:10:52,7
1970-01-01 01:10:53,6
1970-01-01 01:10:54,6
1970-01-01 01:10:55,6
1970-01-01 01:10:56,6
1970-01-01 01:10:57,6
1970-01-01 01:10:58,6
1970-01-01 01:10:59,6
1970-01-01 01:11:00,6
1970-01-01 01:11:01,7
1970-01-01 01:11:02,6
1970-01-01 01:11:03,6
1970-01-01 01:11:04,6
1970-01-01 01:11:05,6
1970-01-01 01:11:06,5
1970-01-01 01:11:07,6
1970-01-01 01:11:08,5
1970-01-01 01:11:09,5
1970-01-01 01:11:10,5
1970-01-01 01:11:11,6
1970-01-01 01:11:12,5
1970-01-01 01:11:13,6
1970-01-01 01:11:14,6
1970-01-01 01:11:15,6
1970-01-01 01:11:16,6
1970-01-01 01:11:17,4
1970-01-01 01:11:18,4
1970-01-01 01:11:19,4
1970-01-01 01:11:20,3
1970-01-01 01:11:21,3
1970-01-01 01:11:22,4
1970-01-01 01:11:23,3
1970-01-01 01:11:24,4
1970-01-01 01:11:25,3
1970-01-01 01:11:26,3
1970-01-01 01:11:27,2
1970-01-01 01:11:28,3
1970-01-01 01:11:29,3
1970-01-01 01:11:30,3
1970-01-01 01:11:31,3
1970-01-01 01:11:32,4
1970-01-01 01:11:33,3
1970-01-01 01:11:34,3
1970-01-01 01:11:35,4
1970-01-01 01:11:36,3
1970-01-01 01:11:37,4
1970-01-01 01:11:38,3
1970-01-01 01:11:39,3
1970-01-01 01:11:40,4
1970-01-01 01:11:41,5
1970-01-01 01:11:42,5
1970-01-01 01:11:43,5
1970-01-01 01:11:44,4
1970-01-01 01:11:45,3
1970-01-01 01:11:46,4
1970-01-01 01:11:47,4
1970-01-01 01:11:48,4
1970-01-01 01:11:49,4
1970-01-01 01:11:50,3
1970-01-01 01:11:51,4
1970-01-01 01:11:52,3
1970-01-01 01:11:53,2
1970-01-01 01:11:54,4
1970-01-01 01:11:55,5
1970-01-01 01:11:56,4
1970-01-01 01:11:57,5
1970-01-01 01:11:58,5
1970-01-01 01:11:59,4
1970-01-01 01:12:00,5
1970-01-01 01:12:01,6
1970-01-01 01:12:02,6
1970-01-01 01:12:03,6
1970-01-01 01:12:04,6
1970-01-01 01:12:05,6
1970-01-01 01:12:06,7
1970-01-01 01:12:07,7
1970-01-01 01:12:08,6
1970-01-01 01:12:09,7
1970-01-01 01:12:10,6
1970-01-01 01:12:11,7
1970-01-01 01:12:12,7
1970-01-01 01:12:13,6
1970-01-01 01:12:14,6
1970-01-01 01:12:15,7
1970-01-01 01:12:16,6
1970-01-01 01:12:17,7
1970-01-01 01:12:18,6
1970-01-01 01:12:19,6
1970-01-01 01:12:20,7
1970-01-01 01:12:21,7
1970-01-01 01:12:22,8
1970-01-01 01:12:23,8
1970-01-01 01:12:24,9
1970-01-01 01:12:25,7
1970-01-01 01:12:26,7
1970-01-01 01:12:27,7
1970-01-01 01:12:28,7
1970-01-01 01:12:29,7
1970-01-01 01:12:30,7
1970-01-01 01:12:31,7
1970-01-01 01:12:32,7
1970-01-01 01:12:33,7
1970-01-01 01:12:34,8
1970-01-01 01:12:35,8
1970-01-01 01:12:36,8
1970-01-01 01:12:37,8
1970-01-01 01:12:38,8
1970-01-01 01:12:39,8
1970-01-01 01:12:40,9
1970-01-01 01:12:41,8
1970-01-01 01:12:42,8
1970-01-01 01:12:43,8
1970-01-01 01:12:44,8
1970-01-01 01:12:45,7
1970-01-01 01:12:46,8
1970-01-01 01:12:47,8
1970-01-01 01:12:48,8
1970-01-01 01:12:49,8
1970-01-01 01:12:50,8
1970-01-01 01:12:51,8
1970-01-01 01:12:52,8
1970-01-01 01:12:53,7
1970-01-01 01:12:54,7
1970-01-01 01:12:55,7
1970-01-01 01:12:56,7
1970-01-01 01:12:57,7
1970-01-01 01:12:58,8
1970-01-01 01:12:59,7
1970-01-01 01:13:00,7
1970-01-01 01:13:01,8
1970-01-01 01:13:02,7
1970-01-01 01:13:03,7
1970-01-01 01:13:04,7
1970-01-01 01:13:05,6
1970-01-01 01:13:06,5
1970-01-01 01:13:07,6
1970-01-01 01:13:08,5
1970-01-01 01:13:09,4
1970-01-01 01:13:10,5
1970-01-01 01:13:11,5
1970-01-01 01:13:12,5
1970-01-01 01:13:13,5
1970-01-01 01:13:14,4
1970-01-01 01:13:15,5
1970-01-01 01:13:16,5
1970-01-01 01:13:17,6
1970-01-01 01:13:18,5
1970-01-01 01:13:19,5
1970-01-01 01:13:20,5
1970-01-01 01:13:21,6
1970-01-01 01:13:22,7
1970-01-01 01:13:23,7
1970-01-01 01:13:24,5
1970-01-01 01:13:25,7
1970-01-01 01:13:26,6
1970-01-01 01:13:27,6
1970-01-01 01:13:28,7
1970-01-01 01:13:29,6
1970-01-01 01:13:30,5
1970-01-01 01:13:31,7
1970-01-01 01:13:32,6
1970-01-01 01:13:33,6
1970-01-01 01:13:34,6
1970-01-01 01:13:35,6
1970-01-01 01:13:36,6
1970-01-01 01:13:37,7
1970-01-01 01:13:38,6
1970-01-01 01:13:39,6
1970-01-01 01:13:40,7
1970-01-01 01:13:41,6
1970-01-01 01:13:42,6
1970-01-01 01:13:43,6
1970-01-01 01:13:44,6
1970-01-01 01:13:45,6
1970-01-01 01:13:46,6
1970-01-01 01:13:47,6
1970-01-01 01:13:48,6
1970-01-01 01:13:49,6
1970-01-01 01:13:50,6
1970-01-01 01:13:51,6
1970-01-01 01:13:52,7
1970-01-01 01:13:53,6
1970-01-01 01:13:54,7
1970-01-01 01:13:55,7
1970-01-01 01:13:56,7
1970-01-01 01:13:57,7
1970-01-01 01:13:58,7
1970-01-01 01:13:59,7
1970-01-01 01:14:00,6
1970-01-01 01:14:01,7
1970-01-01 01:14:02,7
1970-01-01 01:14:03,6
1970-01-01 01:14:04,7
1970-01-01 01:14:05,6
1970-01-01 01:14:06,7
1970-01-01 01:14:07,6
1970-01-01 01:14:08,7
1970-01-01 01:14:09,6
1970-01-01 01:14:10,8
1970-01-01 01:14:11,7
1970-01-01 01:14:12,7
1970-01-01 01:14:13,9
1970-01-01 01:14:14,7
1970-01-01 01:14:15,6
1970-01-01 01:14:16,7
1970-01-01 01:14:17,6
1970-01-01 01:14:18,5
1970-01-01 01:14:19,5
1970-01-01 01:14:20,5
1970-01-01 01:14:21,6
1970-01-01 01:14:22,5
1970-01-01 01:14:23,4
1970-01-01 01:14:24,5
1970-01-01 01:14:25,5
1970-01-01 01:14:26,5
1970-01-01 01:14:27,5
1970-01-01 01:14:28,5
1970-01-01 01:14:29,5
1970-01-01 01:14:30,5
1970-01-01 01:14:31,5
1970-01-01 01:14:32,5
1970-01-01 01:14:33,5
1970-01-01 01:14:34,5
1970-01-01 01:14:35,5
1970-01-01 01:14:36,5
1970-01-01 01:14:37,5
1970-01-01 01:14:38,5
1970-01-01 01:14:39,5
1970-01-01 01:14:40,6
1970-01-01 01:14:41,6
1970-01-01 01:14:42,5
1970-01-01 01:14:43,5
1970-01-01 01:14:44,4
1970-01-01 01:14:45,4
1970-01-01 01:14:46,5
1970-01-01 01:14:47,5
1970-01-01 01:14:48,6
1970-01-01 01:14:49,5
1970-01-01 01:14:50,5
1970-01-01 01:14:51,4
1970-01-01 01:14:52,5
1970-01-01 01:14:53,5
1970-01-01 01:14:54,4
1970-01-01 01:14:55,5
1970-01-01 01:14:56,5
1970-01-01 01:14:57,6
1970-01-01 01:14:58,6
1970-01-01 01:14:59,5
1970-01-01 01:15:00,6
1970-01-01 01:15:01,7
1970-01-01 01:15:02,6
1970-01-01 01:15:03,6
1970-01-01 01:15:04,6
1970-01-01 01:15:05,6
1970-01-01 01:15:06,6
1970-01-01 01:15:07,6
1970-01-01 01:15:08,6
1970-01-01 01:15:09,7
1970-01-01 01:15:10,6
1970-01-01 01:15:11,6
1970-01-01 01:15:12,7
1970-01-01 01:15:13,6
1970-01-01 01:15:14,6
1970-01-01 01:15:15,5
1970-01-01 01:15:16,6
1970-01-01 01:15:17,6
1970-01-01 01:15:18,6
1970-01-01 01:15:19,6
1970-01-01 01:15:20,6
1970-01-01 01:15:21,6
1970-01-01 01:15:22,6
1970-01-01 01:15:23,6
1970-01-01 01:15:24,6
1970-01-01 01:15:25,6
1970-01-01 01:15:26,6
1970-01-01 01:15:27,7
1970-01-01 01:15:28,6
1970-01-01 01:15:29,6
1970-01-01 01:15:30,5
1970-01-01 01:15:31,6
1970-01-01 01:15:32,5
1970-01-01 01:15:33,5
1970-01-01 01:15:34,6
1970-01-01 01:15:35,6
1970-01-01 01:15:36,5
1970-01-01 01:15:37,5
1970-01-01 01:15:38,5
1970-01-01 01:15:39,5
